t_h,Xylan_gL,Xylose_gL,XOS_gL,X_eng_gL,X_bifido_gL,SCFA_gL,T_C,pH,DO_mgL
0.0,10.0,0.0,0.0,0.09999999999999999,0.0,0.0,29.999999999999996,7.0,7.0
0.1,9.998605963579614,0.001373906140340672,1.91237660423555e-05,0.10144480208279673,0.0,0.0,30.013787708845477,6.985222769302301,6.854657116670416
0.2,9.99716731185706,0.00275117306820165,7.743932100144308e-05,0.10293728835512272,0.0,0.0,30.027573237321615,6.9708822701024,6.740016782377336
0.30000000000000004,9.995683587674069,0.004130836748196081,0.0001762967988469868,0.1044780145117195,0.0,0.0,30.04135660255063,6.956965595328076,6.649582744929766
0.4,9.994154323428083,0.005512033777741291,0.0003169606544684504,0.10606756191541418,0.0,0.0,30.055137822381297,6.943460220787664,6.578245961670023
0.5,9.992579040506472,0.006893997419534466,0.0005006139702958241,0.10770653840981494,0.0,0.0,30.068916915409922,6.930353990519591,6.521966647258161
0.6000000000000001,9.990957248604229,0.00827605492256813,0.0007283616495453268,0.10939557950143297,0.0,0.0,30.082693901014327,6.917635107856325,6.477561135184358
0.7000000000000001,9.989288445163732,0.009657624069597002,0.001001234228341,0.11113534932281639,0.0,0.0,30.09646879938203,6.905292125196593,6.442522964658134
0.8,9.987572114821099,0.011038208958725681,0.001320192409169377,0.11292654160995796,0.0,0.0,30.11024163153943,6.893313932700107,6.414864198530648
0.9,9.985807729003744,0.0124173961956711,0.0016861310605580577,0.11476988045506661,0.0,0.0,30.12401241937484,6.881689749276983,6.393027241297492
1.0,9.983994745499576,0.013794850461815803,0.0020998838366810264,0.11666612113475439,0.0,0.0,30.13778118566415,6.870409112392429,6.375782168449154
1.1,9.98213260810034,0.015170310159654102,0.0025622276530089024,0.11861605084170092,0.0,0.0,30.151547954094138,6.859461868711895,6.362156629193139
1.2000000000000002,9.980220746285765,0.01654358300177195,0.0030738871768420145,0.1206204893763159,0.0,0.0,30.165312749284947,6.848838164977383,6.35138551661172
1.3,9.978258574945091,0.017914541600116456,0.0036355392820560436,0.12268028980382946,0.0,0.0,30.179075596812016,6.838528439138335,6.342864900357317
1.4000000000000001,9.976245494133954,0.01928311910017922,0.004247817427574977,0.12479633908089614,0.0,0.0,30.192836523227427,6.828523411745577,6.336118426587906
1.5,9.974180888863701,0.020649304892482886,0.004911315931627528,0.12696955865683685,0.0,0.0,30.206595556080895,6.818814077599107,6.330770657812256
1.6,9.972064128920506,0.022013140428700874,0.005626594118258304,0.12920090505412846,0.0,0.0,30.22035272394053,6.809391697642804,6.326525373492358
1.7000000000000002,9.96989456871203,0.023374715164210372,0.006394180317575572,0.13149137043224626,0.0,0.0,30.2341080564134,6.800247791098683,6.32314898124866
1.8,9.967671547139567,0.02473416264420594,0.007214575705420007,0.13384198313850781,0.0,0.0,30.24786158416616,6.791374127833631,6.320457271449205
1.9000000000000001,9.965394387493792,0.026091656746345098,0.008088257971875144,0.1362538082491446,0.0,0.0,30.261613338945654,6.782762720951727,6.3183049360078085
2.0,9.963062397372529,0.027447408089251734,0.00901568481131381,0.1387279481034391,0.0,0.0,30.2753633535997,6.774405819605496,6.316577374392633
2.1,9.960674868619058,0.028801660613040656,0.009997297229509794,0.1412655428334069,0.0,0.0,30.289111662098147,6.7662959020196265,6.3151841925711665
2.2,9.958231077279672,0.03015468833530712,0.011033522665774988,0.1438677708911759,0.0,0.0,30.30285829955413,6.758425668720861,6.314054082931545
2.3000000000000003,9.955730283579301,0.031506792283712566,0.012124777930143524,0.14653584957591362,0.0,0.0,30.316603302245802,6.750788035967982,6.313130793241676
2.4000000000000004,9.953171731914539,0.032858297588645176,0.013271471971978924,0.14927103556557278,0.0,0.0,30.330346707638533,6.743376129336921,6.312369936359131
2.5,9.950554650861713,0.03420955076741325,0.014474008452334236,0.15207462544559633,0.0,0.0,30.34408855440741,6.7361832775477986,6.311736458005354
2.6,9.947878253201903,0.0355609172625094,0.015732788058812074,0.15494795622797125,0.0,0.0,30.357828882459696,6.7292030066456485,6.311202778600817
2.7,9.945141735959298,0.036912778945648046,0.017048210840305025,0.1578924059088648,0.0,0.0,30.371567732959228,6.722429033929872,6.310747073360619
2.8000000000000003,9.942344280454149,0.03826553192486522,0.01842067823994012,0.16090939400712942,0.0,0.0,30.385305148350493,6.7158552623677155,6.310352097697443
2.9000000000000004,9.939485051952598,0.03961958474564283,0.019850595136674025,0.16400038324784752,0.0,0.0,30.399041172418833,6.709475779689374,6.310004306249036
3.0,9.93656320075136,0.04097535578883639,0.021338371286817336,0.16716687736767458,0.0,0.0,30.412775850230265,6.703284841639704,6.309692879001546
3.1,9.933577861727414,0.0423332718633632,0.0228844230887647,0.17041042317587,0.0,0.0,30.42650922820441,6.697276873314712,6.309409256154795
3.2,9.93052815418155,0.043693766760762705,0.024489175104806405,0.17373261181043342,0.0,0.0,30.44024135416272,6.691446467087455,6.30914673364847
3.3000000000000003,9.927413182160937,0.04505727955265114,0.026153061372096612,0.17713507875320822,0.0,0.0,30.453972277338902,6.6857883752135265,6.308899984917476
3.4000000000000004,9.924232034593231,0.04642425317277357,0.027876526622301008,0.18061950438964028,0.0,0.0,30.467702048406665,6.680297505039443,6.308664778171112
3.5,9.920983785424873,0.0477951331150708,0.02966002738706124,0.18418761459246752,0.0,0.0,30.481430719508946,6.674968914422591,6.308437750846644
3.6,9.917667493770729,0.04917036623482644,0.03150403299472819,0.18784118130962868,0.0,0.0,30.495158344287823,6.669797807282594,6.308216224069147
3.7,9.914282204958862,0.05055039963557421,0.0334090256352911,0.19158202034473537,0.0,0.0,30.508884977822934,6.664779520955206,6.307998029592581
3.8000000000000003,9.910826947926765,0.05193567968746932,0.03537550376648291,0.19541200080000667,0.0,0.0,30.522610676953196,6.659909548955805,6.307781499357231
3.9000000000000004,9.907300738331966,0.053326651076895215,0.03740398006158479,0.19933303628409058,0.0,0.0,30.536335500001535,6.65518350742947,6.307565243124498
4.0,9.903702577784202,0.05472375594028812,0.039494982961739214,0.20334708865714501,0.0,0.0,30.550059506911268,6.6505971415655285,6.3073481266856435
4.1000000000000005,9.900031453866108,0.05612743309686714,0.04164905738517809,0.20745616915552972,0.0,0.0,30.563782759297183,6.6461463233017355,6.30712924176871
4.2,9.896286340448336,0.05753811733751938,0.04386676510344085,0.21166233868157566,0.0,0.0,30.577505320470415,6.641827046600169,6.306907837928592
4.3,9.892466197916788,0.05895623876833508,0.04614868514913711,0.21596770838571616,0.0,0.0,30.59122725547378,6.637635423819588,6.306683291459656
4.4,9.888569973406511,0.06038222221235652,0.04849541416207933,0.22037444025761435,0.0,0.0,30.604948631118337,6.633567682216508,6.306455079578581
4.5,9.884596601046393,0.061816486662527405,0.05090756667652788,0.22488474771122213,0.0,0.0,30.61866951602084,6.62962016054875,6.306222757288231
4.6000000000000005,9.880545002214156,0.0632594447813881,0.053385775354236206,0.22950089616259975,0.0,0.0,30.63238998064202,6.6257893057801915,6.305985940493024
4.7,9.876414085801787,0.06471150244355527,0.05593069116692603,0.2342252035985412,0.0,0.0,30.646110097325728,6.622071669882799,6.305744292494574
4.800000000000001,9.872202748491475,0.06617305831718477,0.05854298353177733,0.23906004113405496,0.0,0.0,30.65982994033892,6.618463906733172,6.305497513180769
4.9,9.867909875042026,0.0676445034808877,0.06122334040323558,0.24400783355660885,0.0,0.0,30.67354958591249,6.614962769100803,6.305245330573208
5.0,9.863534338585929,0.06912622107281846,0.06397246832419316,0.249071059854918,0.0,0.0,30.687269112282948,6.611565105725351,6.304987494131426
5.1000000000000005,9.859075000937043,0.07061858596888847,0.06679109243936687,0.25425225372992016,0.0,0.0,30.70098859973491,6.608267858480297,6.304723769450434
5.2,9.854530712909066,0.07212196448728304,0.06967995647347144,0.25955400408544577,0.0,0.0,30.714708130644443,6.605068059620421,6.304453934069937
5.300000000000001,9.849900314644826,0.07363671411667026,0.07263982267658042,0.2649789554959497,0.0,0.0,30.728427789523174,6.6019628291106285,6.304177774153696
5.4,9.845182635956562,0.07516318326568791,0.07567147173886549,0.2705298086485243,0.0,0.0,30.74214766306325,6.59894937203373,6.303895081856181
5.5,9.840376496677234,0.07670171103148274,0.07877570267672232,0.2762093207562679,0.0,0.0,30.755867840183047,6.596024976074826,6.303605653232135
5.6000000000000005,9.835480707023054,0.07825262698524824,0.08195333269211384,0.2820203059399261,0.0,0.0,30.769588412073634,6.593187009080033,6.303309286574148
5.7,9.830494067967342,0.0798162509728711,0.08520519700679957,0.28796563557456695,0.0,0.0,30.783309472246046,6.590432916687378,6.303005781088164
5.800000000000001,9.825415371625827,0.08139289292894712,0.0885321486729678,0.29404823859789314,0.0,0.0,30.79703111657921,6.587760220027692,6.302694935835891
5.9,9.8202434016536,0.08298285270256721,0.09193505836164236,0.30027110177662186,0.0,0.0,30.810753443368608,6.585166513493464,6.302376548888077
6.0,9.814976933653853,0.08458641989340425,0.09541481413010593,0.306637269927201,0.0,0.0,30.824476553375643,6.582649462573634,6.302050416644553
6.1000000000000005,9.809614735598561,0.0862038736967518,0.09897232116945541,0.3131498460869504,0.0,0.0,30.838200549877588,6.5802068017523645,6.301716333286293
6.2,9.804155568261313,0.08783548275627483,0.10260850153329164,0.3198119916315459,0.0,0.0,30.851925538718195,6.577836332469938,6.301374090332137
6.300000000000001,9.79859818566252,0.08948150502333622,0.10632429384843871,0.3266269263345783,0.0,0.0,30.865651628358897,6.575535921143897,6.301023476278696
6.4,9.792941335527106,0.0911421876218539,0.11012065300848778,0.3335979283647387,0.0,0.0,30.879378929930503,6.5733034972486735,6.3006642763064935
6.5,9.787183759755036,0.09281776671773097,0.11399854985087009,0.3407283342159952,0.0,0.0,30.893107557285447,6.5711370514519825,6.300296272039094
6.6000000000000005,9.781324194904784,0.09450846739197759,0.11795897081807676,0.3480215385659351,0.0,0.0,30.906837627050443,6.569034633806283,6.299919241344798
6.7,9.775361372674526,0.09621450352047696,0.12200291761474452,0.35548099406509115,0.0,0.0,30.920569258677965,6.566994352046858,6.299532958177113
6.800000000000001,9.769294020455316,0.0979360776414249,0.126131406808095,0.36311021101651875,0.0,0.0,30.93430257450422,6.565014369737548,6.299137192424513
6.9,9.763120861823769,0.09967338084308679,0.130345469466487,0.37091275700108295,0.0,0.0,30.948037699799613,6.563092904731759,6.29873170981096
7.0,9.75684061707185,0.1014265926461589,0.13464615076789072,0.37889225639975366,0.0,0.0,30.9617747628218,6.5612282275965,6.298316271806726
7.1000000000000005,9.750452003774571,0.10319588088030988,0.1390345095778623,0.38705238980780715,0.0,0.0,30.975513894871533,6.5594186599989515,6.297890635539149
7.2,9.743953737354369,0.10498140156536316,0.1435116180262543,0.395396893351072,0.0,0.0,30.98925523034663,6.557662573206225,6.297454553734963
7.300000000000001,9.737344531666684,0.10678329879017152,0.14807856106598755,0.40392955788242346,0.0,0.0,31.00299890679661,6.555958386612701,6.2970077746705835
7.4,9.730623099594435,0.1086017045913705,0.15273643602348594,0.4126542280767087,0.0,0.0,31.016745064976725,6.554304566320792,6.296550042131579
7.5,9.723788153644811,0.11043673883347596,0.15748635214562762,0.42157480141270454,0.0,0.0,31.03049384890057,6.552699623802938,6.296081095386134
7.6000000000000005,9.716838406599337,0.11228850907905506,0.1623294301055265,0.43069522697780516,0.0,0.0,31.044245405896042,6.551142114505842,6.29560066916321
7.7,9.70977257215327,0.11415711046206536,0.16726680151543133,0.4400195041704056,0.0,0.0,31.05799988665836,6.5496306365659915,6.295108493644047
7.800000000000001,9.702589365576058,0.11604262555754571,0.1722996084230759,0.44955168125217126,0.0,0.0,31.071757445303167,6.548163829551168,6.294604294462237
7.9,9.695287504390155,0.11794512424796323,0.17742900279378634,0.4592958537469654,0.0,0.0,31.08551823941916,6.546740373235984,6.294087792711941
8.0,9.687865709067307,0.11986466358620348,0.18265614597916582,0.4692561626807427,0.0,0.0,31.09928243012015,6.545358986413616,6.293558704965779
8.1,9.680322703742682,0.12180128765494518,0.1879822081722544,0.4794367926549864,0.0,0.0,31.113050182096384,6.544018425742622,6.293016743302057
8.200000000000001,9.672657216947277,0.12375502742218272,0.19340836784901316,0.4898419697461353,0.0,0.0,31.126821663664913,6.542717484627856,6.292461615341518
8.3,9.664867982335231,0.12572590059752256,0.19893581121388393,0.5004759592967162,0.0,0.0,31.140597046817543,6.541454992167341,6.291893024292302
8.4,9.65695373951832,0.1277139114669519,0.20456573156399144,0.5113430632454111,0.0,0.0,31.15437650727338,6.540229812004892,6.291310669010663
8.5,9.648913234810239,0.1297190507434331,0.21029932872401236,0.522447617598361,0.0,0.0,31.168160224522605,6.5390408413778,6.290714244066886
8.6,9.640745222022082,0.13174129540837673,0.21613780844106534,0.5337939895947591,0.0,0.0,31.181948381871255,6.537887010141658,6.290103439823702
8.700000000000001,9.632448463315228,0.13378060854102714,0.2220823817365584,0.545386574551377,0.0,0.0,31.195741166486766,6.536767279771997,6.289477942525434
8.8,9.62402173004795,0.13583693914755093,0.2281342642642757,0.5572297925665424,0.0,0.0,31.209538769439902,6.5356806424359615,6.288837434401689
8.9,9.61546380364544,0.13791022198522782,0.2342946756508669,0.5693280849880974,0.0,0.0,31.223341385744963,6.5346261200866085,6.288181593782441
9.0,9.606773476492407,0.1400003773814858,0.24056483881980395,0.5816859106421766,0.0,0.0,31.237149214397945,6.533602763582636,6.287510095225665
9.1,9.597949552847284,0.14210731104803315,0.24694597929945156,0.5943077418186137,0.0,0.0,31.250962458412417,6.5326096518341155,6.2868226096595015
9.200000000000001,9.588990849778439,0.14423091389015294,0.25343932451483975,0.6071980600056471,0.0,0.0,31.264781324852898,6.5316458909734365,6.286118804538315
9.3,9.579896198122647,0.1463710618112055,0.2600461030628423,0.6203613513668487,0.0,0.0,31.27860602486553,6.5307106135507675,6.285398344013643
9.4,9.570664443466054,0.1485276155124438,0.2667675439704274,0.6338021019534493,0.0,0.0,31.292436773705873,6.529802977753298,6.284660889120665
9.5,9.561294447147889,0.150700420288283,0.2736048759356381,0.6475247926455437,0.0,0.0,31.30627379076357,6.52892216664754,6.283906097980643
9.600000000000001,9.551785087287033,0.15288930581720672,0.2805593265509719,0.661533893816031,0.0,0.0,31.320117299583675,6.528067387444047,6.283133626019983
9.700000000000001,9.54213525983165,0.15509408594853913,0.2876321215088205,0.6758338597115707,0.0,0.0,31.333967527884415,6.527237870783835,6.282343126206495
9.8,9.53234387963186,0.15731455848535772,0.29482448378864295,0.6904291225453272,0.0,0.0,31.347824707571164,6.526432870045918,6.281534249303421
9.9,9.52240988153555,0.1595505049638733,0.30213763282554496,0.7053240862968135,0.0,0.0,31.361689074746316,6.52565166067529,6.280706644141805
10.0,9.512332221507235,0.1618016904296559,0.30957278365995355,0.7205231202147697,0.0,0.0,31.375560869714956,6.524893539530788,6.279859957911754
10.100000000000001,9.502109877769822,0.16406786321114086,0.3171311460680835,0.7360305520196972,0.0,0.0,31.389440336985903,6.524157824252208,6.278993836473124
10.200000000000001,9.491741851969183,0.16634875469090896,0.3248139236729115,0.7518506608034211,0.0,0.0,31.40332772526799,6.5234438526461345,6.278107924686158
10.3,9.481227170361134,0.16864407907529394,0.33262231303539175,0.7679876696238993,0.0,0.0,31.417223287461276,6.522750982089931,6.277201866762567
10.4,9.470564885020572,0.17095353316293502,0.3405575027256674,0.78444573779439,0.0,0.0,31.4311272806429,6.5220785889533275,6.276275306637492
10.5,9.45975407507224,0.17327679611295765,0.3486206723740619,0.8012289528671015,0.0,0.0,31.445039966047354,6.521426068037113,6.2753278883628285
10.600000000000001,9.44879384794261,0.17561352921353493,0.3568129917016606,0.818341322312503,0.0,0.0,31.45896160904087,6.520792832028415,6.274359256522234
10.700000000000001,9.437683340632212,0.1779633756516499,0.36513561953032975,0.8357867648966452,0.0,0.0,31.472892479089627,6.520178310972084,6.273369056668235
10.8,9.426421721007616,0.18032596028495435,0.37358970277205583,0.8535691017600762,0.0,0.0,31.486832849721573,6.519581951757688,6.272356935781683
10.9,9.415008189112223,0.18270088941668933,0.38217637539753097,0.8716920472032621,0.0,0.0,31.500782998481494,6.519003217621679,6.271322542753824
11.0,9.403441978494804,0.18508775057471177,0.39089675738395646,0.8901591991848433,0.0,0.0,31.514743206879118,6.5184415876642685,6.270265528891172
11.100000000000001,9.391722357554684,0.18748611229574372,0.3997519536420885,0.9089740295405455,0.0,0.0,31.528713760329957,6.517896556380585,6.26918554844329
11.200000000000001,9.379848630902268,0.1898955239160389,0.408743052922603,0.9281398739321542,0.0,0.0,31.542694948088577,6.517367633205681,6.26808225915354
11.3,9.367820140733496,0.19231551536973837,0.4178711267019214,0.9476599215376255,0.0,0.0,31.556687063174124,6.516854342073,6.266955322832765
11.4,9.355636268216683,0.194745596996262,0.4271372280476981,0.9675372044951404,0.0,0.0,31.57069040228773,6.516356220985871,6.265804405955814
11.5,9.34329643489,0.19718525935815823,0.43654239046424625,0.987774587115746,0.0,0.0,31.584705265721606,6.515872821601695,6.264629180280662
11.600000000000001,9.33080010406777,0.19963397307091066,0.44608762671824903,1.0083747548811057,0.0,0.0,31.598731957259574,6.515403708828393,6.263429323489876
11.700000000000001,9.318146782253532,0.2020911886462703,0.4557739276451855,1.0293402032448444,0.0,0.0,31.612770784068747,6.514948460432808,6.262204519854016
11.8,9.305336020557682,0.20455633635075418,0.4656022609369838,1.0506732262580023,0.0,0.0,31.626822056582192,6.51450666666065,6.260954460916434
11.9,9.292367416117399,0.2070288260810172,0.47557356991150473,1.0723759050411592,0.0,0.0,31.640886088372305,6.514077929867704,6.2596788461989
12.0,9.279240612413517,0.20950804726763925,0.4856887733029075,1.0944500987314572,3.6702742385062626e-10,8.741521536019547e-20,31.65496319612247,6.513661864234252,6.2583773837359855
12.100000000000001,9.265955059582575,0.21199361015842821,0.4958940099641446,1.1168974240373168,0.010000067528199702,2.2996588401905227e-05,31.6690542763097,6.513258056837982,6.257039111880484
12.200000000000001,9.252509504941495,0.214485808372686,0.5061882384055035,1.139719271383211,0.010036786648107263,6.980985733295195e-05,31.683159672356087,6.5128659886275555,6.255666496722742
12.3,9.238903470122771,0.2169842017809772,0.5166263285360663,1.1629167137119696,0.010074440304402911,0.00011776092525943871,31.69727912927463,6.512485280562381,6.254270741833568
12.4,9.22513676058082,0.21948805074975353,0.5272091128527313,1.1864906132957949,0.010113042452695706,0.00016687288095649613,31.711412980021766,6.512115585108512,6.2528508237000855
12.5,9.211209247072649,0.2219966045602651,0.5379373720315783,1.2104414996173947,0.010152607070801773,0.0002171689452065053,31.72556155489934,6.511756571367854,6.2514059279657355
12.600000000000001,9.197120850104113,0.22450909682786083,0.5488118535971687,1.2347696425504167,0.010193148287247737,0.00026867266333402537,31.739725185062326,6.511407917651742,6.249935359067545
12.700000000000001,9.182871547696395,0.2270247410604557,0.5598332684626376,1.2594750070309544,0.010234680450209106,0.0003214080317117309,31.753904203490126,6.511069311573951,6.248438535728079
12.8,9.168461377736167,0.22954273011339935,0.5710022891501206,1.2845572361096675,0.010277218141944069,0.0003753995249754173,31.768098944930106,6.510740449863131,6.246914973485528
12.9,9.15389043029384,0.2320622395813034,0.5823195540220439,1.3100156879104288,0.010320776146447962,0.0004306720305618851,31.78230974535813,6.510421036840657,6.245364255321402
13.0,9.139158867002058,0.23458242217363287,0.5937856538433944,1.3358493241445588,0.010365369525721634,0.0004872510046764139,31.79653694222062,6.510110787032273,6.243786047824559
13.100000000000001,9.124266920796916,0.23710240818948153,0.6054011316014817,1.3620567107975967,0.010411013614406644,0.000545162461806861,31.81078087400436,6.509809424445181,6.24218008152403
13.200000000000001,9.109214884768312,0.23962130989566166,0.6171664891513208,1.3886360752934506,0.010457723976280905,0.0006044328855219525,31.825041879587523,6.5095166803714,6.240546123011688
13.3,9.094003112582048,0.24213822222185258,0.6290821861278567,1.4155852985875124,0.010505516410105793,0.0006650892395452865,31.839320298007898,6.5092322931566216,6.238883973346954
13.4,9.078632023148652,0.24465222202581316,0.6411486361009493,1.442901884530433,0.010554406972142986,0.0007271590129914976,31.853616468337922,6.508956008620339,6.237193473135807
13.5,9.063102103693764,0.2471623677864941,0.6533662038798712,1.4705829394972565,0.010604411990786279,0.0007906702498318691,31.867930729459836,6.508687580146885,6.235474502210011
13.600000000000001,9.047413910683089,0.2496676999911134,0.6657352042398622,1.4986251645525464,0.01065554807225576,0.0008556515602529656,31.882263419749375,6.508426768415992,6.233726975400109
13.700000000000001,9.031568070029074,0.2521672418359259,0.678255901042894,1.5270248514696643,0.010707832104277457,0.0009221321278507086,31.89661487673841,6.508173341057749,6.231950838970798
13.8,9.015565277519785,0.2546599999357362,0.6909285061298952,1.5557778773430326,0.01076128126169227,0.0009901417206916463,31.91098543679008,6.507927072389393,6.230146069215213
13.9,8.999406299545333,0.2571449649751861,0.7037531779767127,1.5848796977309982,0.010815913013885264,0.0010597107060940898,31.925375434781085,6.507687743225312,6.2283126722313895
14.0,8.983091973867229,0.2596211123585061,0.7167300203081807,1.6143253399995028,0.010871745132719572,0.0011308700664960816,31.93978520377742,6.507455140704937,6.226450683810221
14.100000000000001,8.966623210258856,0.26208740291677396,0.7298590807806834,1.6441093978458796,0.010928795700301102,0.00120365141503634,31.95421507469842,6.50722905811146,6.2245601691906005
14.200000000000001,8.950000990994944,0.2645427836926155,0.7431403497350549,1.6742260270587566,0.01098708311662873,0.0012780870109411098,31.968665375971348,6.5070092946844476,6.2226412228784485
14.3,8.933226371226338,0.2669861887921077,0.7565737589940507,1.7046689422883121,0.011046626107340972,0.0013542097751392582,31.98313643318115,6.506795655437076,6.220693968662101
14.4,8.916300479240263,0.2694165402184524,0.7701591807880118,1.7354314149231678,0.011107443731012837,0.0014320533050074932,31.997628568746507,6.506587950996816,6.2187185597715455
14.5,8.899224516707713,0.2718327489864664,0.7838964264155417,1.766506271263064,0.011169555388605637,0.001511651893493596,32.01214210150629,6.5063859974093265,6.216715179139966
14.600000000000001,8.881999758816152,0.2742337162116724,0.7977852450386429,1.797885891912527,0.011232980832584156,0.0015930405476677178,32.026677346323154,6.50618961596138,6.214684039657918
14.700000000000001,8.864627554211605,0.27661833407322506,0.8118253227861751,1.8295622129511897,0.01129774017447782,0.0016762550041596594,32.04123461376215,6.505998633046996,6.212625384405094
14.8,8.847109324835735,0.2789854868645952,0.8260162818720177,1.8615267281552754,0.0113638538927838,0.0017613317453208284,32.055814209760115,6.505812880032499,6.210539486879151
14.9,8.829446565708711,0.2813340522448166,0.8403576795670346,1.8937704918761138,0.011431342842328737,0.0018483080183875147,32.070416435236275,6.505632193096422,6.208426651224497
15.0,8.8116408446118,0.2836629025721641,0.8548490071854011,1.9262841230033119,0.011500228264132118,0.0019372218557294819,32.085041585688074,6.505456413067925,6.2062872124381165
15.100000000000001,8.793693801626208,0.2859709062229398,0.8694896892232528,1.959057810382668,0.011570531794901275,0.002028112094423221,32.09968995081232,6.505285385283388,6.204121536529287
15.200000000000001,8.775607148532245,0.28825692891870447,0.8842790826228548,1.9920813196370903,0.011642275476321972,0.0021210183954718438,32.11436181414554,6.505118959456276,6.201930020624327
15.3,8.757382668090663,0.290519835121051,0.899216476082845,2.0253440011973503,0.011715481764669106,0.0022159812637304677,32.12905745270148,6.504956989547771,6.1997130930156645
15.4,8.739022213212113,0.292758489504363,0.9143010893983073,2.0588347994992633,0.011790173540881927,0.0023130420688364933,32.14377713660012,6.5047993336352175,6.197471213152568
15.5,8.720527706005207,0.2949717584777473,0.929532072867983,2.092542263433209,0.011866374120904327,0.002412243066749053,32.15852112869818,6.504645853783359,6.195204871566933
15.600000000000001,8.70190113669544,0.2971585117356222,0.9449085067962271,2.1264545581059595,0.011944107266137892,0.002513627421591428,32.17328968422933,6.50449641592183,6.192914589727622
15.700000000000001,8.683144562415961,0.29931762383971616,0.960429401085971,2.1605594778927966,0.01202339719404851,0.0026172392278779443,32.18808305045337,6.50435088972773,6.1906009198196275
15.8,8.664260105874497,0.30144797584033417,0.9760936949106136,2.1948444607292306,0.012104268589024757,0.0027231235333251068,32.2029014663115,6.504209148510907,6.188264444446179
15.9,8.645249953898519,0.30354845693461735,0.9919002564649448,2.229296603613312,0.012186746613513263,0.002831326362301767,32.21774516208756,6.504071069101448,6.185905776252114
16.0,8.626116355858397,0.30561796615239256,1.0078478828043866,2.263902679306044,0.012270856919397052,0.0029418947398535027,32.23261435907802,6.503936531740269,6.1835255574665045
16.1,8.60686162196906,0.3076554140621552,1.0239352997792517,2.298649154206596,0.01235662565959516,0.003054876716259579,32.24750926927306,6.503805419973308,6.181124459362897
16.2,8.587488121472601,0.3096597244939068,1.04016116206479,2.333522207359123,0.012444079499896862,0.0031703213921511013,32.262430095049154,6.50367762054898,6.178703181636388
16.3,8.567998280705103,0.31162983627604995,1.0565240532863869,2.368507750537872,0.01253324563105262,0.0032882789442372153,32.277377028873715,6.5035530233184025,6.176262451697491
16.400000000000002,8.548394581051134,0.31356470498133543,1.0730224862413975,2.4035914493558286,0.012624151781129741,0.00340880065165864,32.29235025302238,6.50343152113826,6.173803023883135
16.5,8.528679556789903,0.3154633046748374,1.0896549032204783,2.4387587453366653,0.012716826228130864,0.0035319389229681144,32.3073499393103,6.503313009776375,6.171325678585256
16.6,8.508855792834279,0.3173246296606353,1.1064196764304466,2.4739948788998154,0.012811297812876618,0.0036577473237417273,32.32237624883864,6.503197387820063,6.168831221299172
16.7,8.488925922370626,0.31914769621834416,1.1233151085194295,2.5092849131692683,0.012907595952159802,0.0037862806048403305,32.337429331756766,6.503084556587062,6.166320481591879
16.8,8.468892624403749,0.32093154432500065,1.1403394332044912,2.5446137585325705,0.01300575065218019,0.003917594731341842,32.35250932704127,6.502974420038953,6.163794311992878
16.900000000000002,8.448758621211326,0.32267523935751874,1.1574908160020747,2.5799661978733917,0.013105792522266362,0.004051746912160054,32.36761636229217,6.502866884696955,6.161253586810658
17.0,8.428526675713336,0.32437787376976207,1.1747673550616209,2.615326912392764,0.013207752788889644,0.004188795630363124,32.38275055354724,6.502761859560054,6.158699200877785
17.1,8.40819958876318,0.32603856873764775,1.1921670821022934,2.6506805079261655,0.01331166330997577,0.004328800674206649,32.39791200511517,6.502659256025427,6.156132068227694
17.2,8.38778019636718,0.32765647576613727,1.209687963452161,2.6860115416609665,0.013417556589521294,0.00447182316889886,32.413100809428094,6.502558987811062,6.153553120706841
17.3,8.367271366839166,0.3292307782524986,1.2273279011888298,2.721304549158091,0.01352546579252222,0.0046179256091163105,32.428317046913996,6.502460970880506,6.15096330652658
17.400000000000002,8.346675997896993,0.3307606930002902,1.2450847343802292,2.7565440715797442,0.013635424760221854,0.004767171892287662,32.44356078588945,6.502365123369673,6.148363588759467
17.5,8.32599701370821,0.33224547167838436,1.2629562404240122,2.7917146830224446,0.01374746802568487,0.004919627352663426,32.458832082473045,6.502271365515633,6.1457549437848185
17.6,8.30523736189258,0.33368440221939744,1.2809401364836432,2.826801017852755,0.013861630829704976,0.005075358796190192,32.47413098051994,6.5021796195873645,6.143138359688691
17.7,8.284400010489117,0.3350768101521625,1.2990340810188588,2.861787797942781,0.013977949137053698,0.005234434536208749,32.48945751157761,6.502089809818355,6.140514834623694
17.8,8.26348794489548,0.3364220598631769,1.3172356754078554,2.896659859703117,0.014096459653078396,0.005396924429996302,32.50481169486302,6.502001862341034,6.13788537513443
17.900000000000002,8.242504164787658,0.33771955578220103,1.3355424656582238,2.9314021808117645,0.01421719984065736,0.005562899916173042,32.52019353726128,6.501915705122948,6.135250994454496
18.0,8.221451681027867,0.33896874348741396,1.3539519442033552,2.965999906538885,0.014340207937520296,0.005732434052994129,32.535603033345794,6.501831267904644,6.132612710781148
18.1,8.200333512568776,0.34016911072582723,1.3724615517807257,3.000438375569256,0.014465522973942569,0.005905601557548607,32.55104016541982,6.501748482139196,6.129971545533864
18.2,8.179152683362002,0.3413201883450013,1.3910686793881393,3.034703145227054,0.014593184790821792,0.006082478845887436,32.56650490357917,6.5016672809333125,6.1273285216031255
18.3,8.157912219278838,0.3424215511324852,1.409770670313758,3.068780016011043,0.014723234058145806,0.006263144074103644,32.581997205795965,6.501587598990008,6.124684661595823
18.400000000000002,8.136615145051069,0.34347281855978345,1.4285648222354321,3.1026550553521672,0.014855712293860932,0.006447677180387883,32.59751701802295,6.501509372552741,6.122040986083727
18.5,8.115264481239008,0.34447365542867353,1.4474483893845498,3.1363146205132697,0.014990661883150182,0.0066361599280843325,32.61306427431821,6.501432539351012,6.11939851186157
18.6,8.093863241236422,0.3454237724149475,1.4664185847698457,3.1697453805392763,0.015128126098129871,0.006828675949768802,32.628638896989465,6.501357038547331,6.116758250220293
18.7,8.072414428317142,0.34632292651076024,1.485472582455451,3.2029343372005665,0.015268149117975598,0.007025310792377962,32.64424079675778,6.5012828106855585,6.114121205242765
18.8,8.050921032730885,0.3471709213634152,1.5046075198879978,3.2358688448589756,0.015410776049487422,0.0072261519634152045,32.65986987293981,6.501209797640533,6.111488372127805
18.900000000000002,8.029386028855917,0.34796760750856404,1.5238205002674134,3.268536629190355,0.015556052948103905,0.007431288978258637,32.67552601364796,6.501137942568965,6.108860735547985
19.0,8.007812372415218,0.34871288249700816,1.5431085949557688,3.3009258047078385,0.01570402683937548,0.007640813408598672,32.691209096007945,6.501067189861533,6.106239268046926
19.1,7.986202997761996,0.3494066909154265,1.562468845918272,3.33302489104014,0.015854745740907995,0.007854818932033946,32.70691898639264,6.500997485096172,6.10362492848174
19.200000000000003,7.964560815240127,0.3500490243016182,1.58189826819045,3.364822827925163,0.01600825868478737,0.008073401382854763,32.722655540671624,6.500928774992482,6.101018660515964
19.3,7.94288870862508,0.3506399209548726,1.6013938523656073,3.3963089888841815,0.01616461574049665,0.008296658804043695,32.73841860447554,6.500861007367235,6.0984213911677125
19.400000000000002,7.921189532650564,0.3511794656424403,1.62095256709659,3.427473193548421,0.01632386803833656,0.008524691500523526,32.75420801347411,6.500794131090945,6.095834029417519
19.5,7.899466110625574,0.35166778920369013,1.6405713616058097,3.4583057186178787,0.016486067793361307,0.008757602093683627,32.77002359366726,6.500728096045436,6.093257464880043
19.6,7.8777212321460235,0.3521050680540732,1.6602471681974866,3.4887973074399112,0.016651268329841585,0.008995495577216973,32.785865161687944,6.5006628530824155,6.0906925665435345
19.700000000000003,7.85595765090473,0.3524915235913719,1.6799769047660826,3.5189391782018213,0.016819524106266828,0.009238479374300525,32.80173252511607,6.500598353982979,6.088140181580517
19.8,7.834178082603133,0.3528274215070243,1.6997574772949875,3.5487230307381976,0.01699089074089924,0.009486663396152593,32.81762548280219,6.500534551418037,6.085601134232655
19.900000000000002,7.812385202967698,0.35311307100565964,1.7195857823395928,3.5781410519602423,0.017165425037892187,0.009740160102001504,32.83354382520015,6.500471398909607,6.083076224772418
20.0,7.790581645873508,0.35334882393635764,1.7394587094889615,3.607185919920905,0.0173431850139858,0.009999084560500747,32.84948733470744,6.500408850792959,6.08056622854376
20.1,7.768770001577028,0.35353507383947486,1.7593731438004498,3.6358508065358466,0.017524229925793167,0.010263554512626808,32.8654557860125,6.5003468621795735,6.078071895083579
20.200000000000003,7.7469528150596965,0.3536722549131662,1.7793259682017428,3.6641293789859577,0.017708620297690377,0.01053369043609643,32.881448946447655,6.500285388920878,6.075593947325323
20.3,7.725132584483425,0.3537608409039732,1.7993140658549693,3.692015799832594,0.01789641795032429,0.010809615611341286,32.89746657634682,6.500224387572735,6.0731330808856905
20.400000000000002,7.70331175975882,0.3538013439260925,1.819334322477718,3.7195047258817264,0.01808768602975198,0.011091456189078652,32.91350842940687,6.500163815360652,6.070689963434926
20.5,7.681492741225886,0.35379431321470955,1.8393836286159138,3.7465913058422724,0.018282489037226627,0.011379341259518458,32.92957425305172,6.500103630145679,6.068265234151133
20.6,7.659677878449229,0.35374033381603964,1.8594588818640818,3.7732711768057268,0.018480892859642387,0.011673402923243823,32.9456637887983,6.500043790390974,6.065859503257123
20.700000000000003,7.637869469124641,0.35364002522225446,1.8795569890280432,3.7995404596192253,0.018682964800655708,0.011973776363810773,32.96177677262293,6.499984255128998,6.063473351640921
20.8,7.616069758096873,0.35349403995580403,1.8996748682258888,3.825395753198823,0.018888773612497536,0.012280599922108787,32.97791293532791,6.499924983929327,6.061107330558376
20.900000000000002,7.594280936488127,0.3533030621075478,1.9198094509233372,3.850834127831186,0.0190983895284913,0.012594015172523941,32.994072002906805,6.499865936867028,6.058761961415935
21.0,7.572505140935941,0.35306780583393993,1.9399576838996895,3.875853117520252,0.01931188429629185,0.012914167000948613,33.010253696907895,6.4998070744916046,6.056437735631921
21.1,7.550744452938169,0.35278901381917643,1.9601165311407998,3.9004507114424136,0.019529331211862216,0.013241203684684049,33.02645773479489,6.499748357796469,6.0541351145747795
21.200000000000003,7.5290008983027805,0.35246745570797705,1.9802829756557772,3.9246253445735295,0.01975080515420431,0.013575276974282131,33.04268383030408,6.499689748188913,6.0518545295761985
21.3,7.507276446700123,0.35210392651423233,2.0004540212145216,3.94837588754918,0.019976382620860364,0.013916542177373786,33.058931693797234,6.499631207460558,6.049596382016456
21.400000000000002,7.485573011315212,0.3516992450106341,2.0206266940034676,3.9717016358198336,0.020206141764201702,0.014265158244531949,33.075201032609456,6.499572697758273,6.047361043479094
21.5,7.463892448597199,0.35125425210450817,2.0407980441971456,3.9946022981643603,0.02044016242852198,0.014621287857218323,33.091491551391414,6.499514181555502,6.045148855972076
21.6,7.442236558102885,0.35076980920507456,2.0609651474434765,4.017077984626153,0.020678526187952635,0.01498509751786489,33.10780295244541,6.499455621624023,6.042960132212403
21.700000000000003,7.420607082430996,0.35024679658718544,2.0811251062609637,4.039129193935354,0.020921316385218214,0.015356757642141417,33.12413493605439,6.4993969810060745,6.040795155970987
21.8,7.399005707243857,0.34968611175637404,2.101275051346302,4.060756800479456,0.021168618171249848,0.015736442653461958,33.14048720080383,6.49933822298686,6.0386541824743345
21.900000000000002,7.377434061372932,0.34908866781987663,2.1214121427911574,4.0819620408834325,0.02142051854567519,0.016124331079783928,33.15685944389564,6.499279311067384,6.0365374388595665
22.0,7.355893717004637,0.3484553918681407,2.141533571207161,4.102746500259527,0.021677106398203534,0.0165206056527546,33.17325136145387,6.499220208937611,6.034445124679205
22.1,7.33438618994263,0.347787223371158,2.161636558758423,4.123112098185413,0.021938472550925292,0.01692545340926157,33.18966264882169,6.499160880449931,6.032377412452166
22.200000000000003,7.3129129399428034,0.347085112593743,2.1817183601011307,4.143061074467545,0.022204709801545066,0.017339065795443944,33.20609300084946,6.499101289592882,6.030334448257299
22.3,7.2914753711171105,0.34635001903364687,2.20177626323006,4.162595974744488,0.022475912967568124,0.017761638773223287,33.222542112173414,6.499041400465162,6.028316352365813
22.400000000000002,7.270074832402344,0.345582909886166,2.2218075902320757,4.181719635982749,0.022752178931460237,0.018193372929413833,33.23900967748488,6.498981177249847,6.026323219908956
22.5,7.248712618090006,0.3447847585386062,2.241809697946931,4.200435171915616,0.023033606686801725,0.018634473587473818,33.255495391789594,6.49892058418885,6.024355121577304
22.6,7.22738996841322,0.3439565430980695,2.26177997853581,4.218745958471959,0.023320297385454065,0.019085150921956357,33.27199895065729,6.498859585557562,6.022412104348093
22.700000000000003,7.206108070186954,0.34309924495518956,2.281715859958469,4.236655619241654,0.023612354385762896,0.01954562007572822,33.28852005046099,6.4987981456396815,6.020494192237135
22.8,7.184868057497693,0.3422138473865582,2.301614806359913,4.254168011019743,0.023909883301818046,0.02001610128002068,33.30505838860621,6.498736228702199,6.018601387071858
22.900000000000002,7.163671012438703,0.3413013341983919,2.3214743183676747,4.271287209468829,0.024212992053791346,0.020496819977376644,33.321613663750036,6.498673798970526,6.0167336692820985
23.0,7.142517965887124,0.340362688413672,2.3412919333010063,4.288017494936972,0.024521790919373704,0.020988006947561186,33.338185576009785,6.49861082060374,6.014890998705377
23.1,7.121409898319223,0.3393988910046648,2.361065225293486,4.304363338465859,0.024836392586334376,0.021489898436505537,33.35477382716145,6.498547257669941,6.013073315403615
23.200000000000003,7.100347740660239,0.33841091967250114,2.380791805330673,4.320329388021016,0.02515691220622484,0.022002736288354703,33.37137812082801,6.498483074121686,6.011280540488242
23.3,7.079332375165286,0.3373997476752988,2.400469321204564,4.335920454972996,0.025483467449250227,0.02252676808069057,33.38799816265747,6.498418233771502,6.009512576950827
23.400000000000002,7.058364636327899,0.33636634270609267,2.4200954573867515,4.351141500855742,0.02581617856033099,0.023062247263002964,33.40463366049093,6.498352700267434,6.007769310496469
23.5,7.037445311812914,0.33531166582159133,2.439667934822265,4.36599762442581,0.026155168416378095,0.023609433298482887,33.42128432452065,6.498286437068634,6.006050610377368
23.6,7.0165751434104715,0.33423667042254374,2.459184510646224,4.380494049043622,0.02650056258480568,0.024168591809214428,33.4379498674383,6.4982194074209705,6.004356330224106
23.700000000000003,6.995754828008076,0.333142301286296,2.478642977825488,4.394636110395322,0.02685248938330478,0.024739994724842316,33.45463000457362,6.498151574332621,6.00268630887236
23.8,6.974985018577719,0.33202949365191814,2.4980411647275766,4.408429244571419,0.027211079940902543,0.02532392043479419,33.471324454023495,6.498082900549654,6.001040371182864
23.900000000000002,6.95426632517524,0.3308991723580935,2.5173769346192,4.421878976515999,0.027576468260331242,0.02592065394413792,33.488032936771894,6.4980133485315745,5.999418328852625
24.0,6.933599315949193,0.32975225103377265,2.5366481850967686,4.434990908858133,0.027948791281731552,0.026530487033155418,33.50475517680058,6.497942880426809,5.997819981215546
24.1,6.9129845181566365,0.32858963134141733,2.5558528474513356,4.44777071113496,0.028328188947715358,0.02715371842071697,33.52149090119107,6.4978714580481265,5.99624511603072
24.200000000000003,6.892422419183361,0.32741220227249856,2.5749888859704133,4.460224109413854,0.028714804269812863,0.027790653931540295,33.538239840218026,6.49779904284797,5.9946935102568855
24.3,6.871913467566233,0.32622083949475844,2.594054297179154,4.472356876319252,0.029108783396329534,0.028441606667421425,33.555001727434146,6.497725595893676,5.99316493081159
24.400000000000002,6.851458074015442,0.3250164047506042,2.6130471090233907,4.484174821467805,0.0295102756816385,0.0291068971825252,33.571776299747036,6.497651077842583,5.9916591353138005
24.5,6.831056612434698,0.3237997453056859,2.631965379997052,4.495683782313022,0.029919433756934507,0.02978685366282651,33.588563297488214,6.497575448917001,5.9901758728087575
24.6,6.81070942093688,0.32257169344751724,2.6508071982162864,4.506889615403461,0.030336413602472734,0.030481812109786816,33.60536246447457,6.497498668879013,5.988714884474428
24.700000000000003,6.790416802853994,0.32133306603218365,2.669570680442975,4.517798188048862,0.030761374621321877,0.031192116528367054,33.6221735480624,6.497420697005129,5.9872759043081585
24.8,6.770179027739554,0.3200846640782629,2.6882539710600537,4.5284153703929615,0.031194479714657233,0.03191811911947027,33.63899629919458,6.49734149206073,5.985858659792943
24.900000000000002,6.7499963323616035,0.318827272407065,2.706855241000943,4.5387470278907305,0.031635895358618715,0.032660180476906615,33.65583047244084,6.497261012274323,5.984462872542847
25.0,6.729868921684877,0.31756165932796926,2.725372686635472,4.548799014185592,0.03208579168275972,0.03341866978897771,33.67267582603163,6.4971792153115615,5.983088258927084
25.1,6.709796969840808,0.3162885763673602,2.7438045286146684,4.5585771643801,0.03254434255011438,0.034193965044781456,33.68953212188579,6.497096058249047,5.981734530672224
25.200000000000003,6.6897806210842266,0.3150087580396763,2.762149010676729,4.568087288693016,0.033011725638909396,0.0349864532453384,33.70639912563228,6.497011497547866,5.980401395442148
25.3,6.669819990735524,0.3137229216591675,2.7804043984163758,4.577335166495504,0.0334881225259472,0.035796530619642164,33.72327660662629,6.496925489026845,5.979088557395604
25.400000000000002,6.649915166107238,0.31243176719092997,2.798568978019752,4.58632654071852,0.03397371877168647,0.03662460284573712,33.74016433795997,6.496837987835552,5.9777957177213
25.5,6.630066207414074,0.3111359771396982,2.816641054966949,4.595067112622557,0.034468704007046255,0.03747108527692865,33.757062096468054,6.49674894842696,5.9765225751504305
25.6,6.6102731486655255,0.30983621647480425,2.8346189527042305,4.603562536920215,0.03497327202196024,0.0383364031732339,33.77396966272876,6.496658324529815,5.97526882644671
25.700000000000003,6.590535998540355,0.3085331325897181,2.852501011287909,4.611818417241615,0.035487620855707294,0.039220991938181314,33.7908868210599,6.49656606912065,5.974034166873962
25.8,6.570854741242228,0.3072273552945903,2.8702855860017675,4.61984030193244,0.03601195288904428,0.04012529736106975,33.807813359510945,6.496472134395463,5.972818290641465
25.900000000000002,6.551229337335894,0.3059194968402156,2.887971045949849,4.62763368017404,0.03654647493816696,0.04104977586479852,33.82474906985085,6.496376471741008,5.971620891327294
26.0,6.531659724563406,0.3046101519718288,2.9055557726263386,4.635203978414743,0.03709139835052425,0.04199489475938167,33.841693747552206,6.496279031705714,5.970441662279951
26.1,6.512145818639914,0.3032998980111399,2.9230381584642147,4.642556557101293,0.03764693910251148,0.04296113250126172,33.8586471917716,6.496179763970195,5.969280296998588
26.200000000000003,6.492687514028661,0.3019892949650346,2.9404166053642364,4.649696707699219,0.038213317899067116,0.04394897895853863,33.875609205326995,6.4960786173173375,5.968136489492225
26.3,6.4732846846948515,0.3006788856593858,2.9576895232057847,4.656629649990864,0.038790760275197816,0.04495893568223209,33.89257959467162,6.495975539601949,5.967009934618371
26.400000000000002,6.453937184838154,0.2993691958964417,2.9748553283409587,4.663360529639787,0.03937949669945566,0.04599151618369628,33.9095581698653,6.495870477719967,5.965900328401499
26.5,6.434644849603676,0.2980607346342093,2.9919124420732772,4.669894416009855,0.03997976267939195,0.04704724621830992,33.926544744542866,6.495763377577167,5.964807368331832
26.6,6.4154074957710465,0.29675399418665815,3.008859289122206,4.676236300229353,0.040591798869006636,0.04812666407555202,33.943539135880236,6.495654184057417,5.963730753645123
26.700000000000003,6.396224922421802,0.2954494504428936,3.0256942960747333,4.682391093486941,0.041215851178220526,0.04923032087560064,33.96054116455815,6.4955428409904,5.9626701855837085
26.8,6.377096911584942,0.29414756310398926,3.0424158898251017,4.688363625548951,0.041852170884391075,0.05035878087257647,33.97755065472394,6.495429291118821,5.961625367639417
26.900000000000002,6.358023228860552,0.29284877593622644,3.0590224960036596,4.694158643487754,0.042501014745890714,0.051512621764551306,33.994567433951254,6.495313476065076,5.960596005779049
27.0,6.339003624021561,0.29155351703942567,3.075512537395769,4.699780810610608,0.04316264511776702,0.052692435010446466,34.01159133319815,6.495195336297356,5.959581808652993
27.1,6.320037831593659,0.29026219912900725,3.091884432351683,4.7052347055782064,0.043837330069505034,0.05389882615395187,34.02862218676361,6.49507481109518,5.958582487787483
27.200000000000003,6.301125571413579,0.28897521983050195,3.1081365931881435,4.7105248217024664,0.04452534350490938,0.05513241515459398,34.045659832242706,6.494951838514333,5.957597757761088
27.3,6.282266549165787,0.2876929619853262,3.124267424582443,4.715655566413683,0.045226965284123045,0.05639383672608211,34.06270411048046,6.494826355351184,5.956627336366029
27.400000000000002,6.263460456897757,0.28641579396669825,3.1402753219595803,4.720631260887436,0.04594248134779806,0.05768374068206118,34.07975486552464,6.494698297106383,5.955670944754964
27.5,6.244706973513995,0.28514407000458475,3.15615866987307,4.725456139821799,0.04667218384343138,0.05900279228940038,34.09681194457769,6.4945675979479045,5.954728307573839
27.6,6.226005765248995,0.2838781305186057,3.1719158403799517,4.730134351355581,0.04741637125387959,0.060351672629150206,34.11387519794765,6.494434190673428,5.953799153081354
27.700000000000003,6.207356486119386,0.2826183024578797,3.1875451914104183,4.734669957118713,0.048175348528062815,0.061731078965297476,34.130944478998636,6.494298006672026,5.952883213255666
27.8,6.188758778355451,0.28136489964684813,3.203045065132463,4.739066932406176,0.04894942721386735,0.06314172512145068,34.148019644100515,6.494158975885154,5.95198022388888
27.900000000000002,6.170212272812286,0.28011822313616813,3.2184137863118636,4.743329166467198,0.04973892559325458,0.06458434186558598,34.16510055257825,6.494017026766917,5.9510899246699305
28.0,6.151716589360869,0.2788785615578074,3.2336496606677754,4.747460462901773,0.05054416881958092,0.06605967730298472,34.182187066660894,6.493872086243595,5.9502120592564225
28.1,6.133271337259252,0.27764619148351544,3.248750973224152,4.751464540156751,0.05136548905713298,0.06756849727749403,34.19927905143027,6.493724079672406,5.949346375335958
28.200000000000003,6.11487611550422,0.27642137778590004,3.2637159866571523,4.755345032114154,0.05220322562287828,0.06911158578124012,34.21637637476951,6.493572930799498,5.948492624677512
28.3,6.096530513163634,0.2752043740013808,3.2785429396386605,4.759105488764645,0.05305772513043026,0.07068974537292418,34.23347890731162,6.49341856171713,5.947650563173386
28.400000000000002,6.078234109689771,0.27399542269434163,3.2932300451759793,4.762749376959364,0.05392934163622379,0.07230379760482993,34.250586522387856,6.493260892820049,5.946819950872261
28.5,6.0599864752139645,0.27279475582183266,3.3077754889477298,4.766280081233618,0.054818436787894734,0.07395458345867294,34.26769909597642,6.493099842761025,5.946000552003838
28.6,6.041787170822751,0.2716025950982794,3.3221774276359675,4.769700904696517,0.05572537997484994,0.07564296379040455,34.284816506651126,6.492935328405537,5.945192134995624
28.700000000000003,6.023635748815918,0.27041915235958297,3.3364339872544413,4.77301506998029,0.0566505484810196,0.07736981978411224,34.301938635530476,6.492767264785568,5.944394472482244
28.8,6.005531752946668,0.2692446299261239,3.35054326147291,4.77622572024378,0.05759432763977463,0.07913605341513633,34.319065366226816,6.492595565052539,5.943607341307796
28.900000000000002,5.987474718644213,0.26807922096422,3.364503309937429,4.77933592022491,0.058557110990987336,0.0809425879225173,34.33619658479603,6.492420140429286,5.942830522521695
29.0,5.969464173219041,0.2669231098456168,3.378312156586463,4.782348657337078,0.059539300440210274,0.0827903682908893,34.353332179687584,6.4922409001611525,5.9420638013684695
29.1,5.951499636051143,0.26577647250460695,3.391967787962662,4.785266842804635,0.060541306419947295,0.08468036174193996,34.37047204169491,6.492057751466093,5.941306967271895
29.200000000000003,5.933580618761485,0.2646394767924241,3.405468151520107,4.788093312832873,0.06156354805298365,0.08661355823554773,34.38761606390649,6.4918705994838275,5.940559813813864
29.3,5.915706625366958,0.26351228282859807,3.4188111539268315,4.790830829808264,0.06260645331773868,0.08859097098070569,34.40476414165725,6.491679347223995,5.939822138708414
29.400000000000002,5.8978771524190785,0.26239504334899433,3.431994659362399,4.7934820835249345,0.06367045921559841,0.09061363695633387,34.421916172480714,6.491483895513307,5.939093743771264
29.5,5.880091689126648,0.2612879040502916,3.445016487810298,4.79604969243358,0.0647560119401805,0.09268261744207824,34.4390720560616,6.491284142941667,5.938374434885245
29.6,5.862349717462642,0.26019100393067873,3.457874413344937,4.798536204909205,0.06586356704847963,0.09479899855919377,34.45623169418923,6.491079985807243,5.937664021961967
29.700000000000003,5.844650712255516,0.2591044756265849,3.470566162412968,4.8009441005343385,0.06699358963383398,0.09696389182159762,34.473394990711455,6.490871318060473,5.936962318900057
29.8,5.8269941412651605,0.2580284457452897,3.4830894121087015,4.803275791394563,0.06814655450064874,0.09917843469717787,34.49056185148927,6.490658031247001,5.936269143540271
29.900000000000002,5.8093794652436825,0.25696303519328706,3.4954417884433804,4.805533623383414,0.06932294634080503,0.10144379117943186,34.50773218435224,6.4904400144494785,5.935584317617831
30.0,5.791806137981219,0.25590835950030244,3.5076208646080294,4.807719877513874,0.07052325991167528,0.10376115236950312,34.524905899054524,6.490217154228268,5.934907666712245
30.1,5.774273606336928,0.2548645291388911,3.519624159229693,4.809836771233906,0.07174800021566088,0.10613173706867929,34.54208290723166,6.48998933456101,5.934239020194919
30.200000000000003,5.756781310255346,0.25383164983956774,3.531449134620787,4.811886459743599,0.07299768268115721,0.10855679238140097,34.55926312235819,6.489756436781011,5.933578211174819
30.3,5.739328682768217,0.25280982290144305,3.543093195021384,4.813871037311715,0.07427283334484583,0.1110375943288266,34.576446459705835,6.489518339514469,5.932925076442447
30.400000000000002,5.721915149981943,0.2517991454983667,3.5545536848342225,4.81579253858955,0.07557398903520321,0.11357544847298498,34.593632836302675,6.489274918616509,5.932279456412403
30.5,5.70454013105078,0.250799710980598,3.565827886852247,4.817652939920213,0.07690169755710681,0.1161716905515387,34.61082217089285,6.489026047105994,5.931641195064724
30.6,5.687203038135821,0.24981160917203638,3.5769130204785866,4.8194541606415235,0.07825651787740864,0.11882768712316102,34.62801438389721,6.488771595099126,5.9310101398852915
30.700000000000003,5.669903276349912,0.2488349266630848,3.5878062399387716,4.821198064380925,0.07963902031133906,0.12154483622353261,34.64520939737456,6.488511429741798,5.930386141805463
30.8,5.652640243688514,0.24786974709922258,3.5985046324851315,4.822886460340893,0.08104978670959113,0.12432456803194022,34.66240713498382,6.488245415140674,5.9297690551412
30.900000000000002,5.635413330946565,0.24691615146538332,3.6090052165933186,4.824521104573479,0.08248941064592417,0.12716834554844092,34.67960752194687,6.487973412293032,5.9291587375318615
31.0,5.618221921621378,0.24597421836625324,3.6193049401509416,4.8261037012427215,0.08395849760511225,0.13007766528154238,34.69681048501201,6.487695279015269,5.928555049878845
31.1,5.601065391801547,0.2450440243026239,3.6294006786383335,4.827635903873791,0.08545766517105509,0.13305405794633807,34.71401595241843,6.487410869870152,5.927957856284303
31.200000000000003,5.583943110041895,0.2441256439439502,3.63928923330152,4.8291193165878115,0.08698754321485126,0.13609908917301136,34.73122385386116,6.4871200360927235,5.927367023990067
31.3,5.566854437224376,0.24321915039727734,3.6489673293175153,4.8305554953214624,0.08854877408262304,0.13921436022560613,34.748434120456814,6.486822625514904,5.926782423316998
31.400000000000002,5.549798726404902,0.24232461547271544,3.6584316139521325,4.831945949030472,0.09014201278286543,0.1424015087309367,34.7656466847101,6.486518482488733,5.926203927604893
31.5,5.532775322646024,0.24144210994565676,3.6676786547105578,4.833292140876269,0.09176792717307716,0.14566220941748728,34.78286148048088,6.486207447808286,5.925631413153126
31.6,5.515783562835322,0.24057170381594373,3.6767049374809937,4.834595489395143,0.09342719814541726,0.14899817486413,34.800078442952,6.4858893586302235,5.925064759162183
31.700000000000003,5.4988227754894385,0.23971346656421083,3.6855068646717553,4.835857369649283,0.09512051981111035,0.152411156258459,34.81729750859773,6.485564048392978,5.924503847676225
31.8,5.481892280543556,0.2388674674056359,3.694080753342286,4.837079114359207,0.09684859968331036,0.1559029441645147,34.8345186151528,6.485231346734567,5.923948563526843
31.900000000000002,5.464991389126161,0.23803377554135,3.7024228333286366,4.838262015017126,0.09861215885811006,0.15947536929963804,34.85174170158208,6.484891079409042,5.923398794278141
32.0,5.44811940331891,0.23721246040776872,3.7105292453640364,4.8394073229808585,0.10041193219336594,0.16313030332016235,34.868966708050785,6.484543068201546,5.922854430173278
32.1,5.431275615901336,0.23640359192412,3.7183960391952984,4.840516250547975,0.10224866848498827,0.1668696596156199,34.88619357589534,6.484187130841998,5.922315364082632
32.2,5.414459310080177,0.2356072407384574,3.7260191716958833,4.841589972009904,0.104123130640322,0.17069539411109613,34.90342224759462,6.483823080917391,5.921781491453678
32.300000000000004,5.397669759203011,0.23482347847246074,3.7333945049765638,4.8426296246857925,0.10603609584822465,0.17460950607733175,34.9206526667418,6.483450727782714,5.921252710262757
32.4,5.380906226455907,0.23405237796533843,3.7405178044947633,4.843636309935955,0.10798835574542114,0.17861403894812466,34.93788477801666,6.483069876470493,5.920728920968832
32.5,5.364167964544717,0.2332940135171614,3.7473847371637503,4.844611094154802,0.10998071657869145,0.18271108114453805,34.95511852715824,6.482680327598972,5.920210026469399
32.6,5.347454215359672,0.23254846113196553,3.7539908694629682,4.845555009743124,0.11201399936242336,0.18690276690539254,34.97235386093803,6.482281877278923,5.919695932058619
32.7,5.330764209622832,0.23181579876098518,3.7603316655510204,4.846469056059775,0.11408904003103043,0.19119127712343048,34.989590727133425,6.481874317019106,5.919186545387867
32.800000000000004,5.314097166517955,0.23109610654638563,3.7664024853829123,4.8473542003527,0.11620668958570768,0.19557884018650679,35.00682907450157,6.481457433630398,5.918681776428808
32.9,5.2974522933023005,0.23038946706587882,3.7721985828333056,4.848211378669354,0.11836781423497146,0.2000677328231101,35.0240688527535,6.481031009128587,5.91818153743911
33.0,5.280828784899836,0.22969596557862115,3.777715103827731,4.849041496746576,0.12057329552839642,0.20466028095145036,35.04131001252848,6.480594820635888,5.917685742930941
33.1,5.264225823475303,0.2290156902728121,3.782947084483896,4.849845430879994,0.1228240304829258,0.20935886053126776,35.05855250536863,6.480148640281158,5.917194309642378
33.2,5.247642577988491,0.2283487325154275,3.787889449265423,4.850624028773102,0.12512093170110242,0.2141658984174606,35.075796283693734,6.479692235098863,5.916707156511869
33.300000000000004,5.2310782037281145,0.22769518710453704,3.7925370091505455,4.851378110366142,0.12746492748052632,0.21908387321454464,35.09304130077606,6.479225366926844,5.916224204655896
33.4,5.214531841824554,0.22705515252467695,3.7968844598185134,4.85210846864496,0.1298569619138103,0.22411531613088273,35.11028751071548,6.478747792302865,5.915745377349956
33.5,5.198002618740728,0.2264287312057649,3.800926379856706,4.852815870429984,0.13229799497826544,0.22926281183153452,35.12753486841438,6.47825926236004,5.91527060001303
33.6,5.181489645740295,0.22581602978606954,3.804657228991681,4.853501057145579,0.13478900261450183,0.23452899928847692,35.144783329552716,6.477759522721136,5.914799800195673
33.7,5.164992018332312,0.2252171593797644,3.8080713463476803,4.854164745569936,0.13733097679309386,0.2399165726268577,35.16203285056304,6.477248313391837,5.914332907571889
33.800000000000004,5.148508815691457,0.22463223584962289,3.8111629487363854,4.854807628565771,0.13992492556840652,0.24542828196582941,35.17928338860521,6.476725368652996,5.9138698539349495
33.9,5.132039100052799,0.22406138008543436,3.813926128982005,4.855430375792039,0.14257187311863592,0.25106693425240467,35.19653490154116,6.4761904169519475,5.913410573197319
34.0,5.1155819160801155,0.223504718288747,3.8163548542861245,4.856033634396948,0.14527285977106605,0.2568353940866537,35.213787347909296,6.475643180792956,5.912955001394849
34.1,5.0991362902066175,0.22296238226457377,3.818442964637063,4.8566180296924975,0.14802894201148822,0.2627365845364309,35.23104068689861,6.47508337662685,5.912503076695456
34.2,5.082701229946899,0.22243450972072618,3.8201841712688767,4.857184165810851,0.15084119247668212,0.268773487939692,35.248294878322476,6.4745107147399334,5.912054739412408
34.300000000000004,5.066275723178861,0.2219212445754727,3.8215720551755137,4.85773262634279,0.15371069992879124,0.27494914669230747,35.26554988259205,6.4739248991422835,5.91160993202248
34.4,5.049858737394258,0.22142273727425557,3.822600065686041,4.858263974958534,0.15663856921037186,0.2812666640191283,35.282805660689085,6.473325627455479,5.911168599189134
34.5,5.03344921891642,0.2209391451162305,3.8232615191073913,4.858778756011257,0.15962592117882796,0.28772920472587044,35.300062174138276,6.472712590799925,5.910730687790959
34.6,5.0170460920836755,0.22047063259145167,3.823549597441185,4.859277495123502,0.1626738926188838,0.2943399959293293,35.31731938497892,6.472085473681836,5.910296146955576
34.7,5.000648258396796,0.22001737172953773,3.823457347182301,4.859760699756893,0.16578363613166938,0.3011023277630292,35.33457725573586,6.471443953880028,5.9098649280992435
34.800000000000004,4.984254595628772,0.21957954246071926,3.822977678207004,4.860228859765377,0.1689563199989248,0.3080195540553543,35.35183574938967,6.4707877023326565,5.909436984972445
34.9,4.967863956895073,0.21915733299021878,3.822103362758954,4.860682447932308,0.17219312802075767,0.31509509297701116,35.369094829345926,6.470116383024019,5.9090122737116655
35.0,4.951475169682444,0.21875094018696256,3.8208270345421185,4.861121920491677,0.1754952593253078,0.3223324276544201,35.38635445940351,6.46942965287161,5.908590752897627
35.1,4.935087034834166,0.218360569987678,3.8191411879303407,4.861547717633776,0.17886392814858446,0.3297351067453443,35.40361460372189,6.468727161613581,5.908172383620303
35.2,4.918698325489541,0.21798643781749058,3.8170381773039535,4.861960263995607,0.18230036358266233,0.33730674497283736,35.42087522678717,6.468008551696789,5.907757129550959
35.300000000000004,4.90230778597528,0.21762876902820286,3.8145102165245386,4.862359969136325,0.18580580929032553,0.3450510236133077,35.438136293376935,6.467273458165639,5.907344957021592
35.4,4.885914130646263,0.2172877993555077,3.8115493785597105,4.86274722799801,0.1893815231841581,0.35297169093421854,35.455397768523795,6.466521508551936,5.906935835112029
35.5,4.869516042673008,0.21696377539646322,3.808147595270633,4.863122421352073,0.19302877706797966,0.3610725625766184,35.47265961747724,6.465752322765954,5.906529735745089
35.6,4.853112172773015,0.21665695510863647,3.804296657375911,4.8634859162315465,0.19674885623841468,0.369357521877342,35.489921805664196,6.464965512989005,5.9061266337901195
35.7,4.8367011378829385,0.21636760833241175,3.79998821460641,4.863838066349602,0.20054305904428468,0.37783052012538615,35.507184298647594,6.464160683567747,5.90572650717533
35.800000000000004,4.820281519768386,0.21609601733805198,3.795213776066608,4.864179212504535,0.20441269640138723,0.3864955767465595,35.524447062083325,6.463337430910534,5.905329337009308
35.9,4.803851863567866,0.21584247739920429,3.789964710819125,4.864509682971508,0.20835909126011226,0.39535677941010977,35.54171006167508,6.462495343386099,5.904935107712141
36.0,4.7874106762672755,0.21560729739464843,3.7842322487102544,4.8648297938813245,0.21238357802321886,0.40441828405058894,35.55897326312715,6.461634001224926,5.904543807156586
36.1,4.77095642510096,0.21539080044020412,3.778007481455579,4.865139849586516,0.2164875019109586,0.4136843147977355,35.57623663209493,6.460752976423652,5.904155426819781
36.2,4.754487535875226,0.2151933245528395,3.771281364006026,4.865440143014984,0.22067221827060127,0.42315916380667457,35.593500134133095,6.45985183265287,5.903769961945954
36.300000000000004,4.738002391209825,0.2150152233491586,3.7640447162161714,4.865730956011479,0.22493909182726413,0.43284719098017693,35.61076373464113,6.458930125168771,5.903387411720705
36.4,4.721499328692685,0.21485686678059127,3.756288224838109,4.866012559667142,0.22928949587279768,0.44275282357415985,35.62802739880613,6.457987400729053,5.903007779457365
36.5,4.704976638942839,0.21471864190772763,3.7480024458659313,4.8662852146374,0.23372481138933568,0.45288055567693586,35.64529109154281,6.457023197513546,5.902631072796046
36.6,4.68843256357605,0.2146009537166113,3.739177807256851,4.866549171448411,0.23824642610386473,0.46323494755235345,35.66255477743021,6.4560370450501114,5.902257303915965
36.7,4.67186529306748,0.21450422597962018,3.729804612058241,4.866804670792316,0.24285573347013825,0.47382062483574866,35.67981842064537,6.455028464146296,5.9018864897617265
36.800000000000004,4.655272964505172,0.21442890216401125,3.719873041970903,4.867051943811551,0.24755413157397033,0.4846422775712197,35.69708198489332,6.453996966827375,5.901518652284246
36.9,4.638653659227758,0.214375446391437,3.7093731613808747,4.867291212372402,0.252343021957747,0.49570465907797684,35.71434543333341,6.452942056281377,5.901153818696994
37.0,4.622005400339296,0.2143443444519198,3.6982949218945786,4.867522689328047,0.2572238083598033,0.5070125846325845,35.73160872850187,6.451863226811775,5.900792021748373
37.1,4.60532615009374,0.2143361048759709,3.6866281674147006,4.867746578771286,0.26219789536410215,0.5185709299529141,35.748871832229895,6.450759963798541,5.900433300011003
37.2,4.588613807140942,0.21435126006882266,3.6743626397967146,4.867963076277172,0.26726668695543065,0.5303846294686868,35.76613470555769,6.449631743668352,5.900077698188778
37.300000000000004,4.571866203625586,0.21439036751105806,3.6614879851286566,4.868172369135737,0.2724315849750621,0.5424586743624463,35.78339730864356,6.4484780338747445,5.899725267442604
37.4,4.555081102129766,0.21445401103023792,3.6479937606796873,4.868374636575004,0.2776939874715799,0.5547981103636925,35.8006596006682,6.447298292889124,5.899376065735759
37.5,4.538256192449323,0.21454280214844515,3.6338694425662146,4.86857004997447,0.2830552869412922,0.5674080352776837,35.81792153973373,6.4460919702035415,5.899030158199882
37.6,4.521389088193337,0.21465738151102048,3.6191044341878067,4.8687587730692465,0.2885168684523733,0.5802935962290856,35.83518308275717,6.444858506346265,5.89868761752267
37.7,4.504477323195413,0.21479842040215238,3.603688075488747,4.868940962145015,0.2940801076465785,0.5934599865993008,35.85244418535811,6.443597332911214,5.898348524358386
37.800000000000004,4.48751834772458,0.2149666223534119,3.587609653104985,4.8691167662239705,0.2997463686120383,0.60691244263479,35.86970480174011,6.442307872602414,5.8980129677624085
37.9,4.470509524482758,0.2151627248517702,3.570858411460458,4.869286327241917,0.3055170016203105,0.6206562397021332,35.88696488456569,6.440989539294716,5.897681045651054
38.0,4.453448124374794,0.2153875011541236,3.553423564881207,4.869449780216656,0.31139334072050395,0.6346966881638582,35.90422438482424,6.439641738112078,5.8973528652880285
38.1,4.436331322036071,0.21564176221586895,3.5352943108006127,4.869607253407814,0.3173767011829014,0.6490391288472216,35.921483251692784,6.438263865524868,5.897028543798934
38.2,4.419156191101612,0.21592635874163743,3.516459844134161,4.8697588684682485,0.3234683767841169,0.6636889280761991,35.938741432388845,6.4368553094676555,5.896708208715312
38.300000000000004,4.401919699199393,0.2162421833668993,3.4969093729077327,4.869904740587173,0.32966963692537843,0.6786514722348044,35.95599887201534,6.435415449479156,5.896391998549853
38.400000000000006,4.384618702649401,0.21659017297979694,3.4766321352293263,4.8700449786251045,0.3359817235750836,0.6939321618276366,35.97325551339668,6.433943656866038,5.896080063404435
38.5,4.367249940848884,0.21697131119286944,3.4556174177004753,4.870179685240769,0.3424058480264431,0.7095364050011435,35.99051129690585,6.432439294892474,5.895772565612756
38.6,4.349810030321185,0.21738663097707028,3.4338545753703116,4.8703089570100655,0.3489431874597407,0.7254696104864683,36.00776616028184,6.430901718997408,5.895469680419651
38.7,4.332295458406967,0.21783721746765838,3.411333053342834,4.870432884537192,0.35559488129957306,0.7417371799220375,36.02502003843688,6.429330277041688,5.895171596698878
38.800000000000004,4.314702576573027,0.2183242109548619,3.3880424101554127,4.870551552558041,0.3623620273559487,0.7583444995111023,36.04227286325291,6.4277243095873375,5.894878517711569
38.900000000000006,4.297027593311933,0.21884881007330767,3.3639723430548862,4.8706650400359495,0.3692456777374248,0.7752969309662407,36.059524563366836,6.42608315021141,5.8945906619077
39.0,4.279266566604214,0.21941227520466744,3.3391127153066167,4.8707734202498685,0.3762468345240073,0.7925998016894809,36.07677506394354,6.424406125857034,5.894308263773029
39.1,4.261415395913273,0.2200159321085482,3.313453585681412,4.8708767608750625,0.38336644518701346,0.8102583941331039,36.09402428643643,6.422692557224476,5.894031574723996
39.2,4.243469813680866,0.22066117579788302,3.286985240275356,4.870975124056377,0.39060539774231984,0.8282779342823332,36.111272148334464,6.420941759205185,5.893760864053324
39.300000000000004,4.225425376288571,0.22134947467651564,3.259698226828257,4.871068566474164,0.3979645156225706,0.8466635791970661,36.12851856289508,6.419153041362053,5.89349641992918
39.400000000000006,4.2072774544482305,0.2220823749579105,3.2315833917179617,4.871157139402892,0.40544455225307774,0.8654204035454094,36.14576343886214,6.417325708459301,5.893238550451013
39.5,4.189021222981915,0.2228615053850417,3.202631919819997,4.87124088876252,0.41304618531535214,0.8845533850571892,36.16300668016802,6.415459061045701,5.892987584765307
39.6,4.170651649949423,0.2236885822727233,3.1728353774348883,4.871319855162648,0.4207700106813467,0.9040673888207138,36.18024818561908,6.413552396095022,5.892743874244658
39.7,4.15216348507856,0.224565414894998,3.142185758499229,4.871394073939513,0.42861653600054817,0.9239671503408775,36.1974878485634,6.411605007707943,5.892507793733812
39.800000000000004,4.133551247450571,0.22549391124159426,3.110675534310802,4.871463575185807,0.43658617392109866,0.9442572572712926,36.214725556539875,6.409616187879917,5.892279742866503
39.900000000000006,4.114809212390202,0.2264760841687964,3.0782977070132977,4.871528383773398,0.44467923492511585,0.9649421297273785,36.231961190907505,6.407585227339784,5.892060147457099
40.0,4.095931397506949,0.22751405797134544,3.045045867101839,4.871588519368915,0.4528959197573915,0.9860259990813918,36.249194626454056,6.405511416464312,5.8918494609713274
40.1,4.07691154783114,0.22861007540320907,3.01091425522696,4.871643996442217,0.4612363114256281,1.0075128851341748,36.26642573098238,6.403394046274103,5.8916481660804845
40.2,4.057743119985608,0.22976650517617875,2.975897828591632,4.871694824267758,0.46970036674934,1.0294065715519651,36.28365436487371,6.401232409516791,5.891456776303749
40.300000000000004,4.03841926533097,0.23098584996620844,2.9399923322531603,4.871741006918794,0.47828790743355976,1.0517105794501025,36.30088038062628,6.399025801843722,5.8912758377434145
40.400000000000006,4.018932812020082,0.23227075495805138,2.903194375659357,4.871782543254452,0.48699861064253036,1.074428138998799,36.318103622367964,6.396773523086847,5.891105930917959
40.5,3.999276245898825,0.23362401695537935,2.8655015147615726,4.871819426899598,0.4958319990489158,1.0975621589213158,36.335323925341605,6.394474878642892,5.890947672697422
40.6,3.979441690169964,0.23504859410240556,2.8269123400854603,4.871851646217445,0.5047874303271592,1.1211151937394352,36.352541115361326,6.392129180972377,5.890801718348682
40.7,3.959420883769555,0.23654761622770665,2.787426571119825,4.871879184274876,0.5138640860699772,1.1450894086307704,36.36975500823844,6.389735751221527,5.8906687636924975
40.800000000000004,3.939205158382826,0.2381243958429999,2.7470451574230577,4.871902018800401,0.5230609600993075,1.1694865417462152,36.38696540917537,6.387293920975583,5.890549547378096
40.900000000000006,3.9187854140261797,0.23978243982872913,2.7057703868617167,4.871920122134651,0.5323768461424091,1.1943078638299744,36.404172112125714,6.384803034152507,5.8904448532811795
41.0,3.8981520931293283,0.24152546182939394,2.663606001401754,4.8719334611733105,0.5418103248456098,1.219554134982737,36.421374899118966,6.382262449046648,5.8903555130299035
41.1,3.8772951530607607,0.24335739537155274,2.6205573208750153,4.871941997302358,0.5513597501004054,1.2452255584080043,36.43857353954801,6.379671540532349,5.890282408662065
41.2,3.8562040370465347,0.24528240771096188,2.576631375145632,4.871945686325508,0.5610232346578365,1.2713217309805975,36.45576778941773,6.377029702438094,5.890226475416239
41.300000000000004,3.834867643441289,0.24730491440747857,2.531837045097207,4.871944478383654,0.5707986350088105,1.2978415904775187,36.47295739055312,6.37433635010215,5.890188704658936
41.400000000000006,3.8132742933258275,0.24942959461273595,2.4861852128471553,4.87193831786616,0.5806835355114914,1.3247833593167118,36.490142069765184,6.3715909231212065,5.89017014694838
41.5,3.791411696428098,0.25166140703603856,2.439688921566517,4.871927143313784,0.5906752317523049,1.3521444846598762,36.50732153797306,6.368792888303826,5.890171915233149
41.6,3.769266915393502,0.25400560652958293,2.3923635452408125,4.871910887312986,0.6007707131341817,1.3799215747515516,36.524495489281186,6.365941742840936,5.890195188181102
41.7,3.7468263284672774,0.2564677612043109,2.3442269686466046,4.87188947638136,0.6109666446946809,1.408110331389466,36.54166360001024,6.363037017705713,5.890241213630664
41.800000000000004,3.7240755906989684,0.25905376995006163,2.2952997777338577,4.871862830843898,0.6212593481683549,1.4367054784528208,36.55882552768121,6.360078281295374,5.890311312152076
41.900000000000006,3.700999593839847,0.2617698801857231,2.2456054604898594,4.871830864699749,0.6316447823229262,1.4657006864580608,36.57598090995226,6.357065143327201,5.890406880700742
42.0,3.6775824251813387,0.2646227056048447,2.195170618209142,4.871793485479095,0.6421185226182979,1.495088493168477,36.59312936350871,6.353997259000836,5.890529396337472
42.1,3.653807325679236,0.2676192436074973,2.144025186897592,4.871750594089744,0.6526757402619024,1.5248602203576087,36.61027048290725,6.350874333438188,5.890680419981721
42.2,3.6296566478288943,0.2707668920171615,2.0922026682880435,4.871702084652996,0.6633111807643943,1.5550058869204493,36.62740383937648,6.347696126411279,5.890861600152876
42.300000000000004,3.605111813905566,0.27407346456842513,2.0397403696271192,4.871647844328301,0.6740191421375522,1.585514118645491,36.64452897957722,6.344462457366751,5.891074676641232
42.400000000000006,3.580153275367574,0.277547204513056,1.9866796509955775,4.871587753126209,0.6847934529228377,1.61637205510949,36.66164542432753,6.341173210753675,5.891321484033776
42.5,3.5547604744542474,0.28119679551332566,1.9330661784154526,4.871521683709166,0.69562745029851,1.6475652543484527,36.67875266729976,6.337828341658318,5.891603954996678
42.6,3.5289118092247285,0.285031368852447,1.8789501804818496,4.871449501179232,0.706513958567593,1.679077596144834,36.69585017369821,6.334427881745762,5.891924123209812
42.7,3.502584603726987,0.2890605056245799,1.8243867053431904,4.871371062852675,0.7174452684410446,1.7108911851245887,36.71293737893102,6.330971945503314,5.892284125786025
42.800000000000004,3.4757550852883297,0.29329423237827484,1.7694358740983147,4.871286218020798,0.7284131176065215,1.7429862551297373,36.73001368729202,6.327460736774248,5.892686204999352
42.900000000000006,3.448398371381201,0.2977430083526716,1.7141631256193757,4.871194807696468,0.7394086731893789,1.7753410767260516,36.74707847067289,6.323894555562573,5.893132709107801
43.0,3.4204884690795456,0.30241770203474,1.6586394465292371,4.871096664345983,0.7504225168530706,1.8079318701831248,36.76413106733097,6.320273805079776,5.893626092004954
43.1,3.3919982907592763,0.3073295543083484,1.6029415785839936,4.870991611606224,0.7614446334450322,1.8407327268127451,36.78117078074489,6.3165989989925615,5.894168911379023
43.2,3.3628996901235584,0.3124901251978773,1.5471521945119204,4.870879463987385,0.7724644042047343,1.873715541991745,36.79819687859422,6.312870768815353,5.894763825028373
43.300000000000004,3.3331643085447276,0.31791105754015203,1.4913664550889925,4.870759908005679,0.7834700816133056,1.9068470177947607,36.80583285050902,6.309089875777225,5.895416053878601
43.400000000000006,3.302763311070669,0.32360394806359444,1.4356876001537053,4.87063259066852,0.7944491745735797,1.9400906715408772,36.812332592249184,6.3052572369238415,5.896130852413519
43.5,3.271665986978244,0.3295805791206435,1.3802145033426163,4.870497342311908,0.8053894797513542,1.9734125287226498,36.818818659857,6.301373911960065,5.896909362463102
43.6,3.239841000249651,0.335852618681879,1.32505189264249,4.870353982763836,0.8162782511431095,2.006776451136478,36.825290214651766,6.297441101288592,5.897753125848546
43.7,3.207256625811472,0.34243140719841825,1.2703103880281563,4.870202318988592,0.8271022202512374,2.040144111857233,36.83174638019098,6.293460155935208,5.898664029117221
43.800000000000004,3.1738810695729183,0.3493277099486367,1.2161059639675502,4.870042145261149,0.8378476708202696,2.073475192104532,36.83818624463434,6.289432578309751,5.899644193150123
43.900000000000006,3.139682810515662,0.35655142296634906,1.162559642587144,4.869873242568845,0.8485004942945376,2.106727490954081,36.84460886134971,6.285360030497264,5.900695915285816
44.0,3.1046310378329243,0.3641112258894204,1.1097968452949403,4.869695378412774,0.8590462802231966,2.1398571617509137,36.851013251328695,6.281244337408852,5.901821587963627
44.1,3.0686962253478374,0.37201413285873625,1.0579465065244364,4.869508306520937,0.869470435469606,2.1728190343353178,36.85739840646367,6.277087489688593,5.903023615566879
44.2,3.031850733046011,0.3802650384028906,1.0071400611357484,4.86931176665201,0.879758312995047,2.2055669815148775,36.86376329339909,6.272891644100785,5.904304348435468
44.300000000000004,2.994069535159462,0.3888661756966769,0.9575101626773633,4.86910548442177,0.8898953702519208,2.2380543830439117,36.87010685847674,6.268659122196112,5.9056660056161405
44.400000000000006,2.9553310635423404,0.3978165033808572,0.9091891337653581,4.868889171186387,0.899867355388009,2.270234684616198,36.876428033778915,6.264392406688826,5.907110591701977
44.5,2.9156181268576176,0.4071110609842443,0.8623071884171547,4.8686625240377746,0.9096605137625307,2.3020620349158962,36.882725744128635,6.260094134770206,5.908639819246328
44.6,2.874918907390062,0.41674029224875825,0.8169904222620967,4.868425225908085,0.9192618152473253,2.333492001994034,36.88899891506092,6.255767088338019,5.910255028061403
44.7,2.833228007594046,0.4266893658105661,0.7733586034992209,4.86817694581447,0.9286591969958418,2.3644823545418916,36.89524648163465,6.251414180819132,5.911957106488931
44.800000000000004,2.79054750914537,0.4369375286566547,0.7315228163997458,4.867917339269272,0.9378418144619591,2.394993887029103,36.901467397878804,6.247038440411584,5.913746418763048
44.900000000000006,2.7468879960080486,0.4474575356051034,0.6915830305319168,4.867646048876702,0.9468002912364648,2.424991260062951,36.90766064658205,6.242642989708019,5.915622741235603
45.0,2.702269482641116,0.45821520548428424,0.6536256888039148,4.867362705133671,0.9555269562473213,2.454443820140325,36.91382524905502,6.238231021816402,5.917585212792359
45.1,2.6567221806320775,0.4691691585238048,0.617721425090219,4.8670669274443386,0.9640160553386541,2.4833263571389153,36.91996027442507,6.233805773284651,5.919632304244417
45.2,2.6102870338524924,0.48027078883797225,0.5839230335372753,4.8667583253475355,0.972263923577927,2.511619754660853,36.926064847981415,6.229370494340656,5.921761811165901
45.300000000000004,2.5630159554602168,0.49146451915057027,0.5522638140905004,4.866436499943127,0.9802691051317578,2.53931148871229,36.93213815808197,6.224928417166095,5.923970874016298
45.400000000000006,2.5149717110164396,0.5026883713040134,0.5227564100694897,4.8661010454883655,0.9880324093970934,2.566395934924958,36.93817946117259,6.2204827231106306,5.926256027727479
45.5,2.466227410975354,0.5138748657761286,0.4953922327324721,4.865751551119639,0.9955568953054795,2.5928744538285247,36.94418808455731,6.216036509901179,5.928613280928293
45.6,2.4168656018349086,0.5249522378183898,0.4701415354420751,4.865387602640267,1.0028477801433564,2.6187552370926674,36.95016342668997,6.211592759988216,5.93103822259298
45.7,2.3669769759989405,0.5358459295482695,0.44695415864403587,4.865008784303075,1.0099122744637934,2.6440529140561733,36.95610495492442,6.207154311180421,5.933526151394045
45.800000000000004,2.3166587569729806,0.5464802875120819,0.42576091067002036,4.864614680511692,1.016759351099975,2.6687879387690567,36.96201220087907,6.202723830572469,5.936072220675123
45.900000000000006,2.266012812024397,0.5567803924092244,0.4064755715274955,4.864204877350232,1.023399454454469,2.6929857713894423,36.96788475349432,6.198303793018071,5.938671591746924
46.0,2.215143646018564,0.5666738827137785,0.3889973101200316,4.863778963873087,1.0298441764643822,2.7166759357853874,36.97372225059827,6.193896464363277,5.941319583381692
46.1,2.16415634791447,0.5760926945054687,0.37321345375333004,4.863336533091756,1.0361059091362665,2.7398909814980503,36.97952436923312,6.189503890123321,5.944011810969821
46.2,2.113154601303292,0.5849746201809876,0.3590024577585967,4.862877182616054,1.0421974922664934,2.762665408369166,36.985290815325605,6.18512788972509,5.9467443080858295
46.300000000000004,2.0622388693731515,0.5932645924471635,0.34623691141966967,4.862400514897281,1.0481318757055695,2.785034615937438,36.99102131332036,6.180770056253076,5.949513621865202
46.400000000000006,2.011504832227457,0.6009156438274529,0.33478643891460247,4.8619061346343955,1.05392181018827,2.8070339257099626,36.99671559629083,6.176431761153965,5.952316880279061
46.5,1.961042126628692,0.6078895145520261,0.3245203947552844,4.861392925703418,1.0595794186285281,2.828697709371679,37.00237339669472,6.172114163383421,5.955151834004781
46.6,1.9109334291134448,0.6141568969579831,0.31531026861123146,4.860857342360128,1.0651155865811994,2.8500586470807883,37.00799443720711,6.167818222240904,5.958016887005207
46.7,1.861253864441402,0.6196973565999642,0.30703174523288973,4.860296841436019,1.0705405183323418,2.871147129806686,37.013578422728045,6.16354471316237,5.960911099705874
46.800000000000004,1.8120706646242093,0.6244990255875262,0.2995663287678128,4.859713093212539,1.0758643528291771,2.8919908355230413,37.01912503840834,6.159294245480493,5.963834094003538
46.900000000000006,1.7634431232820271,0.6285580463561238,0.2928026045811168,4.859104068737331,1.0810953708057554,2.912614439390314,37.02463394714922,6.155067281629096,5.966785951373924
47.0,1.7154228384743027,0.6318777777953443,0.2866372170200638,4.858470707500107,1.0862413753627982,2.933039422959989,37.030104782804244,6.1508641566903375,5.969767258327395
47.1,1.668054004862664,0.6344680077854074,0.2809754101270369,4.857812361822688,1.0913087494185356,2.953284044700069,37.03553715450408,6.146685097698024,5.972778975581693
47.2,1.621373992554469,0.6363439900798812,0.2757313196304996,4.857128867107816,1.0963028966106607,2.973363370684089,37.040930641613876,6.142530243623211,5.975822265154586
47.300000000000004,1.575413864240545,0.6375255421334656,0.270828094403381,4.856419961384236,1.1012281800856378,2.9932893772073546,37.04628479621731,6.138399662116746,5.978898676354469
47.400000000000006,1.5301990399926524,0.638036141294989,0.2661976682548955,4.855685366072608,1.106088009337499,3.0130711419991796,37.051599143836846,6.134293367524862,5.982009819164401
47.5,1.4857499223556105,0.6379020710862979,0.261780504742225,4.85492478810294,1.11088491375679,3.0327150426249485,37.05687318461223,6.130211335676654,5.985157430797649
47.6,1.4420825294185329,0.6371516513571449,0.25752514399129994,4.854137912747155,1.1156206299088256,3.052225001394163,37.062106395500734,6.126153517925052,5.988343313373129
47.7,1.3992090924799907,0.6358145396458179,0.25338769999027,4.853324404265394,1.120296189127225,3.0716027367858936,37.067298232377404,6.122119853317611,5.991569240041089
47.800000000000004,1.357138610962202,0.6339211315632022,0.24933128988568662,4.852483904436153,1.124912005627114,3.09084802098038,37.07244813245875,6.118110279120056,5.994836961972013
47.900000000000006,1.3158773602271188,0.6315020438761522,0.24532543054510764,4.851616032044192,1.1294679630878586,3.1099589369338543,37.07755551682787,6.114124739885448,5.998148143296609
48.0,1.2754293417738007,0.6285876898660377,0.2413454265180278,4.850720382268187,1.133963496717723,3.1289321252381375,37.082619793036955,6.110163194905927,6.001504335989737
