t_s,T_actual,T_target,pid_output,p_heater_w,p_peltier_w,peltier_on,peltier_auto
0.0,25.5,35.0,1.0,100.0,0.0,0,1
1.0,25.999,35.0,1.0,100.0,0.0,0,1
2.0,26.496,35.0,1.0,100.0,0.0,0,1
3.0,26.993,35.0,1.0,100.0,0.0,0,1
4.0,27.488,35.0,1.0,100.0,0.0,0,1
5.0,27.981,35.0,1.0,100.0,0.0,0,1
6.0,28.474,35.0,1.0,100.0,0.0,0,1
7.0,28.965,35.0,1.0,100.0,0.0,0,1
8.0,29.455,35.0,1.0,100.0,0.0,0,1
9.0,29.944,35.0,1.0,100.0,0.0,0,1
10.0,30.432,35.0,1.0,100.0,0.0,0,1
11.0,30.918,35.0,1.0,100.0,0.0,0,1
12.0,31.403,35.0,1.0,100.0,0.0,0,1
13.0,31.887,35.0,1.0,100.0,0.0,0,1
14.0,32.37,35.0,1.0,100.0,0.0,0,1
15.0,32.852,35.0,1.0,100.0,0.0,0,1
16.0,33.332,35.0,1.0,100.0,0.0,0,1
17.0,33.811,35.0,1.0,100.0,0.0,0,1
18.0,34.289,35.0,1.0,100.0,0.0,0,1
19.0,34.766,35.0,1.0,100.0,0.0,0,1
20.0,35.242,35.0,1.0,100.0,0.0,0,1
21.0,35.716,35.0,1.0,100.0,0.0,0,1
22.0,36.189,35.0,1.0,100.0,0.0,0,1
23.0,36.065,35.0,0.6071,60.71,80.0,1,1
24.0,36.137,35.0,1.0,100.0,80.0,1,1
25.0,36.142,35.0,0.8647,86.47,80.0,1,1
26.0,36.152,35.0,0.8766,87.66,80.0,1,1
27.0,36.154,35.0,0.8601,86.01,80.0,1,1
28.0,36.158,35.0,0.8636,86.36,80.0,1,1
29.0,36.157,35.0,0.8544,85.44,80.0,1,1
30.0,36.157,35.0,0.8544,85.44,80.0,1,1
31.0,36.153,35.0,0.8488,84.88,80.0,1,1
32.0,36.149,35.0,0.8476,84.76,80.0,1,1
33.0,36.143,35.0,0.844,84.4,80.0,1,1
34.0,36.137,35.0,0.8424,84.24,80.0,1,1
35.0,36.129,35.0,0.8399,83.99,80.0,1,1
36.0,36.12,35.0,0.8385,83.85,80.0,1,1
37.0,36.111,35.0,0.8366,83.66,80.0,1,1
38.0,36.101,35.0,0.8354,83.54,80.0,1,1
39.0,36.09,35.0,0.834,83.4,80.0,1,1
40.0,36.079,35.0,0.833,83.3,80.0,1,1
41.0,36.067,35.0,0.832,83.2,80.0,1,1
42.0,36.055,35.0,0.8312,83.12,80.0,1,1
43.0,36.043,35.0,0.8305,83.05,80.0,1,1
44.0,36.03,35.0,0.8299,82.99,80.0,1,1
45.0,36.017,35.0,0.8294,82.94,80.0,1,1
46.0,36.004,35.0,0.829,82.9,80.0,1,1
47.0,35.991,35.0,0.8286,82.86,80.0,1,1
48.0,35.977,35.0,0.8283,82.83,80.0,1,1
49.0,35.964,35.0,0.8281,82.81,80.0,1,1
50.0,35.951,35.0,0.8279,82.79,80.0,1,1
51.0,35.937,35.0,0.8278,82.78,80.0,1,1
52.0,35.924,35.0,0.8278,82.78,80.0,1,1
53.0,35.91,35.0,0.8277,82.77,80.0,1,1
54.0,35.897,35.0,0.8277,82.77,80.0,1,1
55.0,35.883,35.0,0.8278,82.78,80.0,1,1
56.0,35.87,35.0,0.8278,82.78,80.0,1,1
57.0,35.857,35.0,0.8279,82.79,80.0,1,1
58.0,35.844,35.0,0.828,82.8,80.0,1,1
59.0,35.831,35.0,0.8282,82.82,80.0,1,1
60.0,35.818,35.0,0.8283,82.83,80.0,1,1
61.0,35.805,35.0,0.8285,82.85,80.0,1,1
62.0,35.792,35.0,0.8287,82.87,80.0,1,1
63.0,35.78,35.0,0.8289,82.89,80.0,1,1
64.0,35.768,35.0,0.8291,82.91,80.0,1,1
65.0,35.755,35.0,0.8293,82.93,80.0,1,1
66.0,35.743,35.0,0.8296,82.96,80.0,1,1
67.0,35.731,35.0,0.8298,82.98,80.0,1,1
68.0,35.719,35.0,0.83,83.0,80.0,1,1
69.0,35.708,35.0,0.8303,83.03,80.0,1,1
70.0,35.696,35.0,0.8305,83.05,80.0,1,1
71.0,35.685,35.0,0.8308,83.08,80.0,1,1
72.0,35.674,35.0,0.831,83.1,80.0,1,1
73.0,35.663,35.0,0.8313,83.13,80.0,1,1
74.0,35.652,35.0,0.8315,83.15,80.0,1,1
75.0,35.641,35.0,0.8318,83.18,80.0,1,1
76.0,35.63,35.0,0.8321,83.21,80.0,1,1
77.0,35.62,35.0,0.8323,83.23,80.0,1,1
78.0,35.61,35.0,0.8326,83.26,80.0,1,1
79.0,35.6,35.0,0.8328,83.28,80.0,1,1
80.0,35.59,35.0,0.8331,83.31,80.0,1,1
81.0,35.58,35.0,0.8333,83.33,80.0,1,1
82.0,35.57,35.0,0.8336,83.36,80.0,1,1
83.0,35.561,35.0,0.8339,83.39,80.0,1,1
84.0,35.551,35.0,0.8341,83.41,80.0,1,1
85.0,35.542,35.0,0.8344,83.44,80.0,1,1
86.0,35.533,35.0,0.8346,83.46,80.0,1,1
87.0,35.524,35.0,0.8348,83.48,80.0,1,1
88.0,35.515,35.0,0.8351,83.51,80.0,1,1
89.0,35.507,35.0,0.8353,83.53,80.0,1,1
90.0,35.498,35.0,0.8356,83.56,80.0,1,1
91.0,35.49,35.0,0.8358,83.58,80.0,1,1
92.0,35.482,35.0,0.836,83.6,80.0,1,1
93.0,35.474,35.0,0.8362,83.62,80.0,1,1
94.0,35.466,35.0,0.8365,83.65,80.0,1,1
95.0,35.458,35.0,0.8367,83.67,80.0,1,1
96.0,35.45,35.0,0.8369,83.69,80.0,1,1
97.0,35.443,35.0,0.8371,83.71,80.0,1,1
98.0,35.435,35.0,0.8373,83.73,80.0,1,1
99.0,35.428,35.0,0.8375,83.75,80.0,1,1
100.0,35.421,35.0,0.8377,83.77,80.0,1,1
101.0,35.414,35.0,0.8379,83.79,80.0,1,1
102.0,35.407,35.0,0.8381,83.81,80.0,1,1
103.0,35.4,35.0,0.8383,83.83,80.0,1,1
104.0,35.393,35.0,0.8385,83.85,80.0,1,1
105.0,35.386,35.0,0.8387,83.87,80.0,1,1
106.0,35.38,35.0,0.8389,83.89,80.0,1,1
107.0,35.374,35.0,0.8391,83.91,80.0,1,1
108.0,35.367,35.0,0.8393,83.93,80.0,1,1
109.0,35.361,35.0,0.8395,83.95,80.0,1,1
110.0,35.355,35.0,0.8396,83.96,80.0,1,1
111.0,35.349,35.0,0.8398,83.98,80.0,1,1
112.0,35.343,35.0,0.84,84.0,80.0,1,1
113.0,35.337,35.0,0.8401,84.01,80.0,1,1
114.0,35.332,35.0,0.8403,84.03,80.0,1,1
115.0,35.326,35.0,0.8405,84.05,80.0,1,1
116.0,35.321,35.0,0.8406,84.06,80.0,1,1
117.0,35.315,35.0,0.8408,84.08,80.0,1,1
118.0,35.31,35.0,0.8409,84.09,80.0,1,1
119.0,35.305,35.0,0.8411,84.11,80.0,1,1
120.0,35.299,35.0,0.8412,84.12,80.0,1,1
121.0,35.694,35.0,0.8414,84.14,0.0,0,1
122.0,35.668,35.0,0.0,0.0,0.0,0,1
123.0,35.641,35.0,0.0,0.0,0.0,0,1
124.0,35.614,35.0,0.0,0.0,0.0,0,1
125.0,35.588,35.0,0.0,0.0,0.0,0,1
126.0,35.561,35.0,0.0,0.0,0.0,0,1
127.0,35.535,35.0,0.0,0.0,0.0,0,1
128.0,35.509,35.0,0.0,0.0,0.0,0,1
129.0,35.482,35.0,0.0,0.0,0.0,0,1
130.0,35.462,35.0,0.0111,1.11,0.0,0,1
131.0,35.464,35.0,0.056,5.6,0.0,0,1
132.0,35.45,35.0,0.026,2.6,0.0,0,1
133.0,35.447,35.0,0.0463,4.63,0.0,0,1
134.0,35.438,35.0,0.0328,3.28,0.0,0,1
135.0,35.433,35.0,0.0421,4.21,0.0,0,1
136.0,35.425,35.0,0.036,3.6,0.0,0,1
137.0,35.419,35.0,0.0403,4.03,0.0,0,1
138.0,35.411,35.0,0.0376,3.76,0.0,0,1
139.0,35.405,35.0,0.0396,3.96,0.0,0,1
140.0,35.398,35.0,0.0385,3.85,0.0,0,1
141.0,35.392,35.0,0.0394,3.94,0.0,0,1
142.0,35.386,35.0,0.039,3.9,0.0,0,1
143.0,35.379,35.0,0.0395,3.95,0.0,0,1
144.0,35.373,35.0,0.0394,3.94,0.0,0,1
145.0,35.367,35.0,0.0397,3.97,0.0,0,1
146.0,35.361,35.0,0.0398,3.98,0.0,0,1
147.0,35.355,35.0,0.04,4.0,0.0,0,1
148.0,35.349,35.0,0.0401,4.01,0.0,0,1
149.0,35.344,35.0,0.0402,4.02,0.0,0,1
150.0,35.338,35.0,0.0404,4.04,0.0,0,1
151.0,35.332,35.0,0.0405,4.05,0.0,0,1
152.0,35.327,35.0,0.0406,4.06,0.0,0,1
153.0,35.321,35.0,0.0408,4.08,0.0,0,1
154.0,35.316,35.0,0.0409,4.09,0.0,0,1
155.0,35.311,35.0,0.0411,4.11,0.0,0,1
156.0,35.306,35.0,0.0412,4.12,0.0,0,1
157.0,35.3,35.0,0.0413,4.13,0.0,0,1
158.0,35.295,35.0,0.0415,4.15,0.0,0,1
159.0,35.291,35.0,0.0416,4.16,0.0,0,1
160.0,35.286,35.0,0.0417,4.17,0.0,0,1
161.0,35.281,35.0,0.0419,4.19,0.0,0,1
162.0,35.276,35.0,0.042,4.2,0.0,0,1
163.0,35.272,35.0,0.0421,4.21,0.0,0,1
164.0,35.267,35.0,0.0423,4.23,0.0,0,1
165.0,35.263,35.0,0.0424,4.24,0.0,0,1
166.0,35.258,35.0,0.0425,4.25,0.0,0,1
167.0,35.254,35.0,0.0426,4.26,0.0,0,1
168.0,35.25,35.0,0.0427,4.27,0.0,0,1
169.0,35.245,35.0,0.0429,4.29,0.0,0,1
170.0,35.241,35.0,0.043,4.3,0.0,0,1
171.0,35.237,35.0,0.0431,4.31,0.0,0,1
172.0,35.233,35.0,0.0432,4.32,0.0,0,1
173.0,35.229,35.0,0.0433,4.33,0.0,0,1
174.0,35.225,35.0,0.0434,4.34,0.0,0,1
175.0,35.222,35.0,0.0435,4.35,0.0,0,1
176.0,35.218,35.0,0.0436,4.36,0.0,0,1
177.0,35.214,35.0,0.0438,4.38,0.0,0,1
178.0,35.211,35.0,0.0439,4.39,0.0,0,1
179.0,35.207,35.0,0.044,4.4,0.0,0,1
180.0,35.204,35.0,0.0441,4.41,0.0,0,1
181.0,35.2,35.0,0.0442,4.42,0.0,0,1
182.0,35.197,35.0,0.0443,4.43,0.0,0,1
183.0,35.193,35.0,0.0443,4.43,0.0,0,1
184.0,35.19,35.0,0.0444,4.44,0.0,0,1
185.0,35.187,35.0,0.0445,4.45,0.0,0,1
186.0,35.184,35.0,0.0446,4.46,0.0,0,1
187.0,35.181,35.0,0.0447,4.47,0.0,0,1
188.0,35.178,35.0,0.0448,4.48,0.0,0,1
189.0,35.175,35.0,0.0449,4.49,0.0,0,1
190.0,35.172,35.0,0.045,4.5,0.0,0,1
191.0,35.169,35.0,0.0451,4.51,0.0,0,1
192.0,35.166,35.0,0.0451,4.51,0.0,0,1
193.0,35.163,35.0,0.0452,4.52,0.0,0,1
194.0,35.16,35.0,0.0453,4.53,0.0,0,1
195.0,35.158,35.0,0.0454,4.54,0.0,0,1
196.0,35.155,35.0,0.0455,4.55,0.0,0,1
197.0,35.152,35.0,0.0455,4.55,0.0,0,1
198.0,35.15,35.0,0.0456,4.56,0.0,0,1
199.0,35.147,35.0,0.0457,4.57,0.0,0,1
200.0,35.145,35.0,0.0458,4.58,0.0,0,1
201.0,35.142,35.0,0.0458,4.58,0.0,0,1
202.0,35.14,35.0,0.0459,4.59,0.0,0,1
203.0,35.138,35.0,0.046,4.6,0.0,0,1
204.0,35.135,35.0,0.046,4.6,0.0,0,1
205.0,35.133,35.0,0.0461,4.61,0.0,0,1
206.0,35.131,35.0,0.0462,4.62,0.0,0,1
207.0,35.129,35.0,0.0462,4.62,0.0,0,1
208.0,35.126,35.0,0.0463,4.63,0.0,0,1
209.0,35.124,35.0,0.0464,4.64,0.0,0,1
210.0,35.122,35.0,0.0464,4.64,0.0,0,1
211.0,35.12,35.0,0.0465,4.65,0.0,0,1
212.0,35.118,35.0,0.0465,4.65,0.0,0,1
213.0,35.116,35.0,0.0466,4.66,0.0,0,1
214.0,35.114,35.0,0.0467,4.67,0.0,0,1
215.0,35.112,35.0,0.0467,4.67,0.0,0,1
216.0,35.11,35.0,0.0468,4.68,0.0,0,1
217.0,35.108,35.0,0.0468,4.68,0.0,0,1
218.0,35.107,35.0,0.0469,4.69,0.0,0,1
219.0,35.105,35.0,0.0469,4.69,0.0,0,1
220.0,35.103,35.0,0.047,4.7,0.0,0,1
221.0,35.101,35.0,0.047,4.7,0.0,0,1
222.0,35.1,35.0,0.0471,4.71,0.0,0,1
223.0,35.098,35.0,0.0471,4.71,0.0,0,1
224.0,35.096,35.0,0.0472,4.72,0.0,0,1
225.0,35.095,35.0,0.0472,4.72,0.0,0,1
226.0,35.093,35.0,0.0473,4.73,0.0,0,1
227.0,35.091,35.0,0.0473,4.73,0.0,0,1
228.0,35.09,35.0,0.0474,4.74,0.0,0,1
229.0,35.088,35.0,0.0474,4.74,0.0,0,1
230.0,35.087,35.0,0.0475,4.75,0.0,0,1
231.0,35.085,35.0,0.0475,4.75,0.0,0,1
232.0,35.084,35.0,0.0475,4.75,0.0,0,1
233.0,35.083,35.0,0.0476,4.76,0.0,0,1
234.0,35.081,35.0,0.0476,4.76,0.0,0,1
235.0,35.08,35.0,0.0477,4.77,0.0,0,1
236.0,35.078,35.0,0.0477,4.77,0.0,0,1
237.0,35.077,35.0,0.0477,4.77,0.0,0,1
238.0,35.076,35.0,0.0478,4.78,0.0,0,1
239.0,35.075,35.0,0.0478,4.78,0.0,0,1
240.0,35.073,35.0,0.0479,4.79,0.0,0,1
241.0,35.072,35.0,0.0479,4.79,0.0,0,1
242.0,35.071,35.0,0.0479,4.79,0.0,0,1
243.0,35.07,35.0,0.048,4.8,0.0,0,1
244.0,35.068,35.0,0.048,4.8,0.0,0,1
245.0,35.067,35.0,0.048,4.8,0.0,0,1
246.0,35.066,35.0,0.0481,4.81,0.0,0,1
247.0,35.065,35.0,0.0481,4.81,0.0,0,1
248.0,35.064,35.0,0.0481,4.81,0.0,0,1
249.0,35.063,35.0,0.0482,4.82,0.0,0,1
250.0,35.062,35.0,0.0482,4.82,0.0,0,1
251.0,35.061,35.0,0.0482,4.82,0.0,0,1
252.0,35.06,35.0,0.0483,4.83,0.0,0,1
253.0,35.059,35.0,0.0483,4.83,0.0,0,1
254.0,35.058,35.0,0.0483,4.83,0.0,0,1
255.0,35.057,35.0,0.0483,4.83,0.0,0,1
256.0,35.056,35.0,0.0484,4.84,0.0,0,1
257.0,35.055,35.0,0.0484,4.84,0.0,0,1
258.0,35.054,35.0,0.0484,4.84,0.0,0,1
259.0,35.053,35.0,0.0484,4.84,0.0,0,1
260.0,35.052,35.0,0.0485,4.85,0.0,0,1
261.0,35.051,35.0,0.0485,4.85,0.0,0,1
262.0,35.05,35.0,0.0485,4.85,0.0,0,1
263.0,35.05,35.0,0.0486,4.86,0.0,0,1
264.0,35.049,35.0,0.0486,4.86,0.0,0,1
265.0,35.048,35.0,0.0486,4.86,0.0,0,1
266.0,35.047,35.0,0.0486,4.86,0.0,0,1
267.0,35.046,35.0,0.0486,4.86,0.0,0,1
268.0,35.045,35.0,0.0487,4.87,0.0,0,1
269.0,35.045,35.0,0.0487,4.87,0.0,0,1
270.0,35.044,35.0,0.0487,4.87,0.0,0,1
271.0,35.043,35.0,0.0487,4.87,0.0,0,1
272.0,35.042,35.0,0.0488,4.88,0.0,0,1
273.0,35.042,35.0,0.0488,4.88,0.0,0,1
274.0,35.041,35.0,0.0488,4.88,0.0,0,1
275.0,35.04,35.0,0.0488,4.88,0.0,0,1
276.0,35.04,35.0,0.0488,4.88,0.0,0,1
277.0,35.039,35.0,0.0489,4.89,0.0,0,1
278.0,35.038,35.0,0.0489,4.89,0.0,0,1
279.0,35.038,35.0,0.0489,4.89,0.0,0,1
280.0,35.037,35.0,0.0489,4.89,0.0,0,1
281.0,35.036,35.0,0.0489,4.89,0.0,0,1
282.0,35.036,35.0,0.049,4.9,0.0,0,1
283.0,35.035,35.0,0.049,4.9,0.0,0,1
284.0,35.035,35.0,0.049,4.9,0.0,0,1
285.0,35.034,35.0,0.049,4.9,0.0,0,1
286.0,35.033,35.0,0.049,4.9,0.0,0,1
287.0,35.033,35.0,0.049,4.9,0.0,0,1
288.0,35.032,35.0,0.0491,4.91,0.0,0,1
289.0,35.032,35.0,0.0491,4.91,0.0,0,1
290.0,35.031,35.0,0.0491,4.91,0.0,0,1
291.0,35.031,35.0,0.0491,4.91,0.0,0,1
292.0,35.03,35.0,0.0491,4.91,0.0,0,1
293.0,35.03,35.0,0.0491,4.91,0.0,0,1
294.0,35.029,35.0,0.0491,4.91,0.0,0,1
295.0,35.029,35.0,0.0492,4.92,0.0,0,1
296.0,35.028,35.0,0.0492,4.92,0.0,0,1
297.0,35.028,35.0,0.0492,4.92,0.0,0,1
298.0,35.027,35.0,0.0492,4.92,0.0,0,1
299.0,35.027,35.0,0.0492,4.92,0.0,0,1
300.0,35.026,35.0,0.0492,4.92,0.0,0,1
301.0,35.026,35.0,0.0492,4.92,0.0,0,1
302.0,35.025,35.0,0.0493,4.93,0.0,0,1
303.0,35.025,35.0,0.0493,4.93,0.0,0,1
304.0,35.025,35.0,0.0493,4.93,0.0,0,1
305.0,35.024,35.0,0.0493,4.93,0.0,0,1
306.0,35.024,35.0,0.0493,4.93,0.0,0,1
307.0,35.023,35.0,0.0493,4.93,0.0,0,1
308.0,35.023,35.0,0.0493,4.93,0.0,0,1
309.0,35.023,35.0,0.0493,4.93,0.0,0,1
310.0,35.022,35.0,0.0493,4.93,0.0,0,1
311.0,35.022,35.0,0.0494,4.94,0.0,0,1
312.0,35.021,35.0,0.0494,4.94,0.0,0,1
313.0,35.021,35.0,0.0494,4.94,0.0,0,1
314.0,35.021,35.0,0.0494,4.94,0.0,0,1
315.0,35.02,35.0,0.0494,4.94,0.0,0,1
316.0,35.02,35.0,0.0494,4.94,0.0,0,1
317.0,35.02,35.0,0.0494,4.94,0.0,0,1
318.0,35.019,35.0,0.0494,4.94,0.0,0,1
319.0,35.019,35.0,0.0494,4.94,0.0,0,1
320.0,35.019,35.0,0.0495,4.95,0.0,0,1
321.0,35.018,35.0,0.0495,4.95,0.0,0,1
322.0,35.018,35.0,0.0495,4.95,0.0,0,1
323.0,35.018,35.0,0.0495,4.95,0.0,0,1
324.0,35.018,35.0,0.0495,4.95,0.0,0,1
325.0,35.017,35.0,0.0495,4.95,0.0,0,1
326.0,35.017,35.0,0.0495,4.95,0.0,0,1
327.0,35.017,35.0,0.0495,4.95,0.0,0,1
328.0,35.016,35.0,0.0495,4.95,0.0,0,1
329.0,35.016,35.0,0.0495,4.95,0.0,0,1
330.0,35.016,35.0,0.0495,4.95,0.0,0,1
331.0,35.016,35.0,0.0495,4.95,0.0,0,1
332.0,35.015,35.0,0.0496,4.96,0.0,0,1
333.0,35.015,35.0,0.0496,4.96,0.0,0,1
334.0,35.015,35.0,0.0496,4.96,0.0,0,1
335.0,35.015,35.0,0.0496,4.96,0.0,0,1
336.0,35.014,35.0,0.0496,4.96,0.0,0,1
337.0,35.014,35.0,0.0496,4.96,0.0,0,1
338.0,35.014,35.0,0.0496,4.96,0.0,0,1
339.0,35.014,35.0,0.0496,4.96,0.0,0,1
340.0,35.013,35.0,0.0496,4.96,0.0,0,1
341.0,35.013,35.0,0.0496,4.96,0.0,0,1
342.0,35.013,35.0,0.0496,4.96,0.0,0,1
343.0,35.013,35.0,0.0496,4.96,0.0,0,1
344.0,35.012,35.0,0.0496,4.96,0.0,0,1
345.0,35.012,35.0,0.0496,4.96,0.0,0,1
346.0,35.012,35.0,0.0496,4.96,0.0,0,1
347.0,35.012,35.0,0.0497,4.97,0.0,0,1
348.0,35.012,35.0,0.0497,4.97,0.0,0,1
349.0,35.011,35.0,0.0497,4.97,0.0,0,1
350.0,35.011,35.0,0.0497,4.97,0.0,0,1
351.0,35.011,35.0,0.0497,4.97,0.0,0,1
352.0,35.011,35.0,0.0497,4.97,0.0,0,1
353.0,35.011,35.0,0.0497,4.97,0.0,0,1
354.0,35.011,35.0,0.0497,4.97,0.0,0,1
355.0,35.01,35.0,0.0497,4.97,0.0,0,1
356.0,35.01,35.0,0.0497,4.97,0.0,0,1
357.0,35.01,35.0,0.0497,4.97,0.0,0,1
358.0,35.01,35.0,0.0497,4.97,0.0,0,1
359.0,35.01,35.0,0.0497,4.97,0.0,0,1
360.0,35.009,35.0,0.0497,4.97,0.0,0,1
361.0,35.009,35.0,0.0497,4.97,0.0,0,1
362.0,35.009,35.0,0.0497,4.97,0.0,0,1
363.0,35.009,35.0,0.0497,4.97,0.0,0,1
364.0,35.009,35.0,0.0497,4.97,0.0,0,1
365.0,35.009,35.0,0.0497,4.97,0.0,0,1
366.0,35.009,35.0,0.0497,4.97,0.0,0,1
367.0,35.008,35.0,0.0498,4.98,0.0,0,1
368.0,35.008,35.0,0.0498,4.98,0.0,0,1
369.0,35.008,35.0,0.0498,4.98,0.0,0,1
370.0,35.008,35.0,0.0498,4.98,0.0,0,1
371.0,35.008,35.0,0.0498,4.98,0.0,0,1
372.0,35.008,35.0,0.0498,4.98,0.0,0,1
373.0,35.008,35.0,0.0498,4.98,0.0,0,1
374.0,35.007,35.0,0.0498,4.98,0.0,0,1
375.0,35.007,35.0,0.0498,4.98,0.0,0,1
376.0,35.007,35.0,0.0498,4.98,0.0,0,1
377.0,35.007,35.0,0.0498,4.98,0.0,0,1
378.0,35.007,35.0,0.0498,4.98,0.0,0,1
379.0,35.007,35.0,0.0498,4.98,0.0,0,1
380.0,35.007,35.0,0.0498,4.98,0.0,0,1
381.0,35.007,35.0,0.0498,4.98,0.0,0,1
382.0,35.007,35.0,0.0498,4.98,0.0,0,1
383.0,35.006,35.0,0.0498,4.98,0.0,0,1
384.0,35.006,35.0,0.0498,4.98,0.0,0,1
385.0,35.006,35.0,0.0498,4.98,0.0,0,1
386.0,35.006,35.0,0.0498,4.98,0.0,0,1
387.0,35.006,35.0,0.0498,4.98,0.0,0,1
388.0,35.006,35.0,0.0498,4.98,0.0,0,1
389.0,35.006,35.0,0.0498,4.98,0.0,0,1
390.0,35.006,35.0,0.0498,4.98,0.0,0,1
391.0,35.006,35.0,0.0498,4.98,0.0,0,1
392.0,35.006,35.0,0.0498,4.98,0.0,0,1
393.0,35.005,35.0,0.0498,4.98,0.0,0,1
394.0,35.005,35.0,0.0498,4.98,0.0,0,1
395.0,35.005,35.0,0.0498,4.98,0.0,0,1
396.0,35.005,35.0,0.0498,4.98,0.0,0,1
397.0,35.005,35.0,0.0499,4.99,0.0,0,1
398.0,35.005,35.0,0.0499,4.99,0.0,0,1
399.0,35.005,35.0,0.0499,4.99,0.0,0,1
400.0,35.005,35.0,0.0499,4.99,0.0,0,1
401.0,35.005,35.0,0.0499,4.99,0.0,0,1
402.0,35.005,35.0,0.0499,4.99,0.0,0,1
403.0,35.005,35.0,0.0499,4.99,0.0,0,1
404.0,35.004,35.0,0.0499,4.99,0.0,0,1
405.0,35.004,35.0,0.0499,4.99,0.0,0,1
406.0,35.004,35.0,0.0499,4.99,0.0,0,1
407.0,35.004,35.0,0.0499,4.99,0.0,0,1
408.0,35.004,35.0,0.0499,4.99,0.0,0,1
409.0,35.004,35.0,0.0499,4.99,0.0,0,1
410.0,35.004,35.0,0.0499,4.99,0.0,0,1
411.0,35.004,35.0,0.0499,4.99,0.0,0,1
412.0,35.004,35.0,0.0499,4.99,0.0,0,1
413.0,35.004,35.0,0.0499,4.99,0.0,0,1
414.0,35.004,35.0,0.0499,4.99,0.0,0,1
415.0,35.004,35.0,0.0499,4.99,0.0,0,1
416.0,35.004,35.0,0.0499,4.99,0.0,0,1
417.0,35.004,35.0,0.0499,4.99,0.0,0,1
418.0,35.004,35.0,0.0499,4.99,0.0,0,1
419.0,35.003,35.0,0.0499,4.99,0.0,0,1
420.0,35.003,35.0,0.0499,4.99,0.0,0,1
421.0,35.003,35.0,0.0499,4.99,0.0,0,1
422.0,35.003,35.0,0.0499,4.99,0.0,0,1
423.0,35.003,35.0,0.0499,4.99,0.0,0,1
424.0,35.003,35.0,0.0499,4.99,0.0,0,1
425.0,35.003,35.0,0.0499,4.99,0.0,0,1
426.0,35.003,35.0,0.0499,4.99,0.0,0,1
427.0,35.003,35.0,0.0499,4.99,0.0,0,1
428.0,35.003,35.0,0.0499,4.99,0.0,0,1
429.0,35.003,35.0,0.0499,4.99,0.0,0,1
430.0,35.003,35.0,0.0499,4.99,0.0,0,1
431.0,35.003,35.0,0.0499,4.99,0.0,0,1
432.0,35.003,35.0,0.0499,4.99,0.0,0,1
433.0,35.003,35.0,0.0499,4.99,0.0,0,1
434.0,35.003,35.0,0.0499,4.99,0.0,0,1
435.0,35.003,35.0,0.0499,4.99,0.0,0,1
436.0,35.003,35.0,0.0499,4.99,0.0,0,1
437.0,35.003,35.0,0.0499,4.99,0.0,0,1
438.0,35.003,35.0,0.0499,4.99,0.0,0,1
439.0,35.002,35.0,0.0499,4.99,0.0,0,1
440.0,35.002,35.0,0.0499,4.99,0.0,0,1
441.0,35.002,35.0,0.0499,4.99,0.0,0,1
442.0,35.002,35.0,0.0499,4.99,0.0,0,1
443.0,35.002,35.0,0.0499,4.99,0.0,0,1
444.0,35.002,35.0,0.0499,4.99,0.0,0,1
445.0,35.002,35.0,0.0499,4.99,0.0,0,1
446.0,35.002,35.0,0.0499,4.99,0.0,0,1
447.0,35.002,35.0,0.0499,4.99,0.0,0,1
448.0,35.002,35.0,0.0499,4.99,0.0,0,1
449.0,35.002,35.0,0.0499,4.99,0.0,0,1
450.0,35.002,35.0,0.0499,4.99,0.0,0,1
451.0,35.002,35.0,0.0499,4.99,0.0,0,1
452.0,35.002,35.0,0.0499,4.99,0.0,0,1
453.0,35.002,35.0,0.0499,4.99,0.0,0,1
454.0,35.002,35.0,0.0499,4.99,0.0,0,1
455.0,35.002,35.0,0.0499,4.99,0.0,0,1
456.0,35.002,35.0,0.0499,4.99,0.0,0,1
457.0,35.002,35.0,0.0499,4.99,0.0,0,1
458.0,35.002,35.0,0.0499,4.99,0.0,0,1
459.0,35.002,35.0,0.0499,4.99,0.0,0,1
460.0,35.002,35.0,0.0499,4.99,0.0,0,1
461.0,35.002,35.0,0.05,5.0,0.0,0,1
462.0,35.002,35.0,0.05,5.0,0.0,0,1
463.0,35.002,35.0,0.05,5.0,0.0,0,1
464.0,35.002,35.0,0.05,5.0,0.0,0,1
465.0,35.002,35.0,0.05,5.0,0.0,0,1
466.0,35.002,35.0,0.05,5.0,0.0,0,1
467.0,35.002,35.0,0.05,5.0,0.0,0,1
468.0,35.002,35.0,0.05,5.0,0.0,0,1
469.0,35.001,35.0,0.05,5.0,0.0,0,1
470.0,35.001,35.0,0.05,5.0,0.0,0,1
471.0,35.001,35.0,0.05,5.0,0.0,0,1
472.0,35.001,35.0,0.05,5.0,0.0,0,1
473.0,35.001,35.0,0.05,5.0,0.0,0,1
474.0,35.001,35.0,0.05,5.0,0.0,0,1
475.0,35.001,35.0,0.05,5.0,0.0,0,1
476.0,35.001,35.0,0.05,5.0,0.0,0,1
477.0,35.001,35.0,0.05,5.0,0.0,0,1
478.0,35.001,35.0,0.05,5.0,0.0,0,1
479.0,35.001,35.0,0.05,5.0,0.0,0,1
480.0,35.001,35.0,0.05,5.0,0.0,0,1
481.0,35.001,35.0,0.05,5.0,0.0,0,1
482.0,35.001,35.0,0.05,5.0,0.0,0,1
483.0,35.001,35.0,0.05,5.0,0.0,0,1
484.0,35.001,35.0,0.05,5.0,0.0,0,1
485.0,35.001,35.0,0.05,5.0,0.0,0,1
486.0,35.001,35.0,0.05,5.0,0.0,0,1
487.0,35.001,35.0,0.05,5.0,0.0,0,1
488.0,35.001,35.0,0.05,5.0,0.0,0,1
489.0,35.001,35.0,0.05,5.0,0.0,0,1
490.0,35.001,35.0,0.05,5.0,0.0,0,1
491.0,35.001,35.0,0.05,5.0,0.0,0,1
492.0,35.001,35.0,0.05,5.0,0.0,0,1
493.0,35.001,35.0,0.05,5.0,0.0,0,1
494.0,35.001,35.0,0.05,5.0,0.0,0,1
495.0,35.001,35.0,0.05,5.0,0.0,0,1
496.0,35.001,35.0,0.05,5.0,0.0,0,1
497.0,35.001,35.0,0.05,5.0,0.0,0,1
498.0,35.001,35.0,0.05,5.0,0.0,0,1
499.0,35.001,35.0,0.05,5.0,0.0,0,1
500.0,35.001,35.0,0.05,5.0,0.0,0,1
501.0,35.001,35.0,0.05,5.0,0.0,0,1
502.0,35.001,35.0,0.05,5.0,0.0,0,1
503.0,35.001,35.0,0.05,5.0,0.0,0,1
504.0,35.001,35.0,0.05,5.0,0.0,0,1
505.0,35.001,35.0,0.05,5.0,0.0,0,1
506.0,35.001,35.0,0.05,5.0,0.0,0,1
507.0,35.001,35.0,0.05,5.0,0.0,0,1
508.0,35.001,35.0,0.05,5.0,0.0,0,1
509.0,35.001,35.0,0.05,5.0,0.0,0,1
510.0,35.001,35.0,0.05,5.0,0.0,0,1
511.0,35.001,35.0,0.05,5.0,0.0,0,1
512.0,35.001,35.0,0.05,5.0,0.0,0,1
513.0,35.001,35.0,0.05,5.0,0.0,0,1
514.0,35.001,35.0,0.05,5.0,0.0,0,1
515.0,35.001,35.0,0.05,5.0,0.0,0,1
516.0,35.001,35.0,0.05,5.0,0.0,0,1
517.0,35.001,35.0,0.05,5.0,0.0,0,1
518.0,35.001,35.0,0.05,5.0,0.0,0,1
519.0,35.001,35.0,0.05,5.0,0.0,0,1
520.0,35.001,35.0,0.05,5.0,0.0,0,1
521.0,35.001,35.0,0.05,5.0,0.0,0,1
522.0,35.001,35.0,0.05,5.0,0.0,0,1
523.0,35.001,35.0,0.05,5.0,0.0,0,1
524.0,35.001,35.0,0.05,5.0,0.0,0,1
525.0,35.001,35.0,0.05,5.0,0.0,0,1
526.0,35.001,35.0,0.05,5.0,0.0,0,1
527.0,35.001,35.0,0.05,5.0,0.0,0,1
528.0,35.001,35.0,0.05,5.0,0.0,0,1
529.0,35.001,35.0,0.05,5.0,0.0,0,1
530.0,35.001,35.0,0.05,5.0,0.0,0,1
531.0,35.001,35.0,0.05,5.0,0.0,0,1
532.0,35.001,35.0,0.05,5.0,0.0,0,1
533.0,35.0,35.0,0.05,5.0,0.0,0,1
534.0,35.0,35.0,0.05,5.0,0.0,0,1
535.0,35.0,35.0,0.05,5.0,0.0,0,1
536.0,35.0,35.0,0.05,5.0,0.0,0,1
537.0,35.0,35.0,0.05,5.0,0.0,0,1
538.0,35.0,35.0,0.05,5.0,0.0,0,1
539.0,35.0,35.0,0.05,5.0,0.0,0,1
540.0,35.0,35.0,0.05,5.0,0.0,0,1
541.0,35.0,35.0,0.05,5.0,0.0,0,1
542.0,35.0,35.0,0.05,5.0,0.0,0,1
543.0,35.0,35.0,0.05,5.0,0.0,0,1
544.0,35.0,35.0,0.05,5.0,0.0,0,1
545.0,35.0,35.0,0.05,5.0,0.0,0,1
546.0,35.0,35.0,0.05,5.0,0.0,0,1
547.0,35.0,35.0,0.05,5.0,0.0,0,1
548.0,35.0,35.0,0.05,5.0,0.0,0,1
549.0,35.0,35.0,0.05,5.0,0.0,0,1
550.0,35.0,35.0,0.05,5.0,0.0,0,1
551.0,35.0,35.0,0.05,5.0,0.0,0,1
552.0,35.0,35.0,0.05,5.0,0.0,0,1
553.0,35.0,35.0,0.05,5.0,0.0,0,1
554.0,35.0,35.0,0.05,5.0,0.0,0,1
555.0,35.0,35.0,0.05,5.0,0.0,0,1
556.0,35.0,35.0,0.05,5.0,0.0,0,1
557.0,35.0,35.0,0.05,5.0,0.0,0,1
558.0,35.0,35.0,0.05,5.0,0.0,0,1
559.0,35.0,35.0,0.05,5.0,0.0,0,1
560.0,35.0,35.0,0.05,5.0,0.0,0,1
561.0,35.0,35.0,0.05,5.0,0.0,0,1
562.0,35.0,35.0,0.05,5.0,0.0,0,1
563.0,35.0,35.0,0.05,5.0,0.0,0,1
564.0,35.0,35.0,0.05,5.0,0.0,0,1
565.0,35.0,35.0,0.05,5.0,0.0,0,1
566.0,35.0,35.0,0.05,5.0,0.0,0,1
567.0,35.0,35.0,0.05,5.0,0.0,0,1
568.0,35.0,35.0,0.05,5.0,0.0,0,1
569.0,35.0,35.0,0.05,5.0,0.0,0,1
570.0,35.0,35.0,0.05,5.0,0.0,0,1
571.0,35.0,35.0,0.05,5.0,0.0,0,1
572.0,35.0,35.0,0.05,5.0,0.0,0,1
573.0,35.0,35.0,0.05,5.0,0.0,0,1
574.0,35.0,35.0,0.05,5.0,0.0,0,1
575.0,35.0,35.0,0.05,5.0,0.0,0,1
576.0,35.0,35.0,0.05,5.0,0.0,0,1
577.0,35.0,35.0,0.05,5.0,0.0,0,1
578.0,35.0,35.0,0.05,5.0,0.0,0,1
579.0,35.0,35.0,0.05,5.0,0.0,0,1
580.0,35.0,35.0,0.05,5.0,0.0,0,1
581.0,35.0,35.0,0.05,5.0,0.0,0,1
582.0,35.0,35.0,0.05,5.0,0.0,0,1
583.0,35.0,35.0,0.05,5.0,0.0,0,1
584.0,35.0,35.0,0.05,5.0,0.0,0,1
585.0,35.0,35.0,0.05,5.0,0.0,0,1
586.0,35.0,35.0,0.05,5.0,0.0,0,1
587.0,35.0,35.0,0.05,5.0,0.0,0,1
588.0,35.0,35.0,0.05,5.0,0.0,0,1
589.0,35.0,35.0,0.05,5.0,0.0,0,1
590.0,35.0,35.0,0.05,5.0,0.0,0,1
591.0,35.0,35.0,0.05,5.0,0.0,0,1
592.0,35.0,35.0,0.05,5.0,0.0,0,1
593.0,35.0,35.0,0.05,5.0,0.0,0,1
594.0,35.0,35.0,0.05,5.0,0.0,0,1
595.0,35.0,35.0,0.05,5.0,0.0,0,1
596.0,35.0,35.0,0.05,5.0,0.0,0,1
597.0,35.0,35.0,0.05,5.0,0.0,0,1
598.0,35.0,35.0,0.05,5.0,0.0,0,1
599.0,35.0,35.0,0.05,5.0,0.0,0,1
600.0,35.0,35.0,0.05,5.0,0.0,0,1
601.0,35.0,35.0,0.05,5.0,0.0,0,1
602.0,35.0,35.0,0.05,5.0,0.0,0,1
603.0,35.0,35.0,0.05,5.0,0.0,0,1
604.0,35.0,35.0,0.05,5.0,0.0,0,1
605.0,35.0,35.0,0.05,5.0,0.0,0,1
606.0,35.0,35.0,0.05,5.0,0.0,0,1
607.0,35.0,35.0,0.05,5.0,0.0,0,1
608.0,35.0,35.0,0.05,5.0,0.0,0,1
609.0,35.0,35.0,0.05,5.0,0.0,0,1
610.0,35.0,35.0,0.05,5.0,0.0,0,1
611.0,35.0,35.0,0.05,5.0,0.0,0,1
612.0,35.0,35.0,0.05,5.0,0.0,0,1
613.0,35.0,35.0,0.05,5.0,0.0,0,1
614.0,35.0,35.0,0.05,5.0,0.0,0,1
615.0,35.0,35.0,0.05,5.0,0.0,0,1
616.0,35.0,35.0,0.05,5.0,0.0,0,1
617.0,35.0,35.0,0.05,5.0,0.0,0,1
618.0,35.0,35.0,0.05,5.0,0.0,0,1
619.0,35.0,35.0,0.05,5.0,0.0,0,1
620.0,35.0,35.0,0.05,5.0,0.0,0,1
621.0,35.0,35.0,0.05,5.0,0.0,0,1
622.0,35.0,35.0,0.05,5.0,0.0,0,1
623.0,35.0,35.0,0.05,5.0,0.0,0,1
624.0,35.0,35.0,0.05,5.0,0.0,0,1
625.0,35.0,35.0,0.05,5.0,0.0,0,1
626.0,35.0,35.0,0.05,5.0,0.0,0,1
627.0,35.0,35.0,0.05,5.0,0.0,0,1
628.0,35.0,35.0,0.05,5.0,0.0,0,1
629.0,35.0,35.0,0.05,5.0,0.0,0,1
630.0,35.0,35.0,0.05,5.0,0.0,0,1
631.0,35.0,35.0,0.05,5.0,0.0,0,1
632.0,35.0,35.0,0.05,5.0,0.0,0,1
633.0,35.0,35.0,0.05,5.0,0.0,0,1
634.0,35.0,35.0,0.05,5.0,0.0,0,1
635.0,35.0,35.0,0.05,5.0,0.0,0,1
636.0,35.0,35.0,0.05,5.0,0.0,0,1
637.0,35.0,35.0,0.05,5.0,0.0,0,1
638.0,35.0,35.0,0.05,5.0,0.0,0,1
639.0,35.0,35.0,0.05,5.0,0.0,0,1
640.0,35.0,35.0,0.05,5.0,0.0,0,1
641.0,35.0,35.0,0.05,5.0,0.0,0,1
642.0,35.0,35.0,0.05,5.0,0.0,0,1
643.0,35.0,35.0,0.05,5.0,0.0,0,1
644.0,35.0,35.0,0.05,5.0,0.0,0,1
645.0,35.0,35.0,0.05,5.0,0.0,0,1
646.0,35.0,35.0,0.05,5.0,0.0,0,1
647.0,35.0,35.0,0.05,5.0,0.0,0,1
648.0,35.0,35.0,0.05,5.0,0.0,0,1
649.0,35.0,35.0,0.05,5.0,0.0,0,1
650.0,35.0,35.0,0.05,5.0,0.0,0,1
651.0,35.0,35.0,0.05,5.0,0.0,0,1
652.0,35.0,35.0,0.05,5.0,0.0,0,1
653.0,35.0,35.0,0.05,5.0,0.0,0,1
654.0,35.0,35.0,0.05,5.0,0.0,0,1
655.0,35.0,35.0,0.05,5.0,0.0,0,1
656.0,35.0,35.0,0.05,5.0,0.0,0,1
657.0,35.0,35.0,0.05,5.0,0.0,0,1
658.0,35.0,35.0,0.05,5.0,0.0,0,1
659.0,35.0,35.0,0.05,5.0,0.0,0,1
660.0,35.0,35.0,0.05,5.0,0.0,0,1
661.0,35.0,35.0,0.05,5.0,0.0,0,1
662.0,35.0,35.0,0.05,5.0,0.0,0,1
663.0,35.0,35.0,0.05,5.0,0.0,0,1
664.0,35.0,35.0,0.05,5.0,0.0,0,1
665.0,35.0,35.0,0.05,5.0,0.0,0,1
666.0,35.0,35.0,0.05,5.0,0.0,0,1
667.0,35.0,35.0,0.05,5.0,0.0,0,1
668.0,35.0,35.0,0.05,5.0,0.0,0,1
669.0,35.0,35.0,0.05,5.0,0.0,0,1
670.0,35.0,35.0,0.05,5.0,0.0,0,1
671.0,35.0,35.0,0.05,5.0,0.0,0,1
672.0,35.0,35.0,0.05,5.0,0.0,0,1
673.0,35.0,35.0,0.05,5.0,0.0,0,1
674.0,35.0,35.0,0.05,5.0,0.0,0,1
675.0,35.0,35.0,0.05,5.0,0.0,0,1
676.0,35.0,35.0,0.05,5.0,0.0,0,1
677.0,35.0,35.0,0.05,5.0,0.0,0,1
678.0,35.0,35.0,0.05,5.0,0.0,0,1
679.0,35.0,35.0,0.05,5.0,0.0,0,1
680.0,35.0,35.0,0.05,5.0,0.0,0,1
681.0,35.0,35.0,0.05,5.0,0.0,0,1
682.0,35.0,35.0,0.05,5.0,0.0,0,1
683.0,35.0,35.0,0.05,5.0,0.0,0,1
684.0,35.0,35.0,0.05,5.0,0.0,0,1
685.0,35.0,35.0,0.05,5.0,0.0,0,1
686.0,35.0,35.0,0.05,5.0,0.0,0,1
687.0,35.0,35.0,0.05,5.0,0.0,0,1
688.0,35.0,35.0,0.05,5.0,0.0,0,1
689.0,35.0,35.0,0.05,5.0,0.0,0,1
690.0,35.0,35.0,0.05,5.0,0.0,0,1
691.0,35.0,35.0,0.05,5.0,0.0,0,1
692.0,35.0,35.0,0.05,5.0,0.0,0,1
693.0,35.0,35.0,0.05,5.0,0.0,0,1
694.0,35.0,35.0,0.05,5.0,0.0,0,1
695.0,35.0,35.0,0.05,5.0,0.0,0,1
696.0,35.0,35.0,0.05,5.0,0.0,0,1
697.0,35.0,35.0,0.05,5.0,0.0,0,1
698.0,35.0,35.0,0.05,5.0,0.0,0,1
699.0,35.0,35.0,0.05,5.0,0.0,0,1
700.0,35.0,35.0,0.05,5.0,0.0,0,1
701.0,35.0,35.0,0.05,5.0,0.0,0,1
702.0,35.0,35.0,0.05,5.0,0.0,0,1
703.0,35.0,35.0,0.05,5.0,0.0,0,1
704.0,35.0,35.0,0.05,5.0,0.0,0,1
705.0,35.0,35.0,0.05,5.0,0.0,0,1
706.0,35.0,35.0,0.05,5.0,0.0,0,1
707.0,35.0,35.0,0.05,5.0,0.0,0,1
708.0,35.0,35.0,0.05,5.0,0.0,0,1
709.0,35.0,35.0,0.05,5.0,0.0,0,1
710.0,35.0,35.0,0.05,5.0,0.0,0,1
711.0,35.0,35.0,0.05,5.0,0.0,0,1
712.0,35.0,35.0,0.05,5.0,0.0,0,1
713.0,35.0,35.0,0.05,5.0,0.0,0,1
714.0,35.0,35.0,0.05,5.0,0.0,0,1
715.0,35.0,35.0,0.05,5.0,0.0,0,1
716.0,35.0,35.0,0.05,5.0,0.0,0,1
717.0,35.0,35.0,0.05,5.0,0.0,0,1
718.0,35.0,35.0,0.05,5.0,0.0,0,1
719.0,35.0,35.0,0.05,5.0,0.0,0,1
720.0,35.0,35.0,0.05,5.0,0.0,0,1
721.0,35.0,35.0,0.05,5.0,0.0,0,1
722.0,35.0,35.0,0.05,5.0,0.0,0,1
723.0,35.0,35.0,0.05,5.0,0.0,0,1
724.0,35.0,35.0,0.05,5.0,0.0,0,1
725.0,35.0,35.0,0.05,5.0,0.0,0,1
726.0,35.0,35.0,0.05,5.0,0.0,0,1
727.0,35.0,35.0,0.05,5.0,0.0,0,1
728.0,35.0,35.0,0.05,5.0,0.0,0,1
729.0,35.0,35.0,0.05,5.0,0.0,0,1
730.0,35.0,35.0,0.05,5.0,0.0,0,1
731.0,35.0,35.0,0.05,5.0,0.0,0,1
732.0,35.0,35.0,0.05,5.0,0.0,0,1
733.0,35.0,35.0,0.05,5.0,0.0,0,1
734.0,35.0,35.0,0.05,5.0,0.0,0,1
735.0,35.0,35.0,0.05,5.0,0.0,0,1
736.0,35.0,35.0,0.05,5.0,0.0,0,1
737.0,35.0,35.0,0.05,5.0,0.0,0,1
738.0,35.0,35.0,0.05,5.0,0.0,0,1
739.0,35.0,35.0,0.05,5.0,0.0,0,1
740.0,35.0,35.0,0.05,5.0,0.0,0,1
741.0,35.0,35.0,0.05,5.0,0.0,0,1
742.0,35.0,35.0,0.05,5.0,0.0,0,1
743.0,35.0,35.0,0.05,5.0,0.0,0,1
744.0,35.0,35.0,0.05,5.0,0.0,0,1
745.0,35.0,35.0,0.05,5.0,0.0,0,1
746.0,35.0,35.0,0.05,5.0,0.0,0,1
747.0,35.0,35.0,0.05,5.0,0.0,0,1
748.0,35.0,35.0,0.05,5.0,0.0,0,1
749.0,35.0,35.0,0.05,5.0,0.0,0,1
750.0,35.0,35.0,0.05,5.0,0.0,0,1
751.0,35.0,35.0,0.05,5.0,0.0,0,1
752.0,35.0,35.0,0.05,5.0,0.0,0,1
753.0,35.0,35.0,0.05,5.0,0.0,0,1
754.0,35.0,35.0,0.05,5.0,0.0,0,1
755.0,35.0,35.0,0.05,5.0,0.0,0,1
756.0,35.0,35.0,0.05,5.0,0.0,0,1
757.0,35.0,35.0,0.05,5.0,0.0,0,1
758.0,35.0,35.0,0.05,5.0,0.0,0,1
759.0,35.0,35.0,0.05,5.0,0.0,0,1
760.0,35.0,35.0,0.05,5.0,0.0,0,1
761.0,35.0,35.0,0.05,5.0,0.0,0,1
762.0,35.0,35.0,0.05,5.0,0.0,0,1
763.0,35.0,35.0,0.05,5.0,0.0,0,1
764.0,35.0,35.0,0.05,5.0,0.0,0,1
765.0,35.0,35.0,0.05,5.0,0.0,0,1
766.0,35.0,35.0,0.05,5.0,0.0,0,1
767.0,35.0,35.0,0.05,5.0,0.0,0,1
768.0,35.0,35.0,0.05,5.0,0.0,0,1
769.0,35.0,35.0,0.05,5.0,0.0,0,1
770.0,35.0,35.0,0.05,5.0,0.0,0,1
771.0,35.0,35.0,0.05,5.0,0.0,0,1
772.0,35.0,35.0,0.05,5.0,0.0,0,1
773.0,35.0,35.0,0.05,5.0,0.0,0,1
774.0,35.0,35.0,0.05,5.0,0.0,0,1
775.0,35.0,35.0,0.05,5.0,0.0,0,1
776.0,35.0,35.0,0.05,5.0,0.0,0,1
777.0,35.0,35.0,0.05,5.0,0.0,0,1
778.0,35.0,35.0,0.05,5.0,0.0,0,1
779.0,35.0,35.0,0.05,5.0,0.0,0,1
780.0,35.0,35.0,0.05,5.0,0.0,0,1
781.0,35.0,35.0,0.05,5.0,0.0,0,1
782.0,35.0,35.0,0.05,5.0,0.0,0,1
783.0,35.0,35.0,0.05,5.0,0.0,0,1
784.0,35.0,35.0,0.05,5.0,0.0,0,1
785.0,35.0,35.0,0.05,5.0,0.0,0,1
786.0,35.0,35.0,0.05,5.0,0.0,0,1
787.0,35.0,35.0,0.05,5.0,0.0,0,1
788.0,35.0,35.0,0.05,5.0,0.0,0,1
789.0,35.0,35.0,0.05,5.0,0.0,0,1
790.0,35.0,35.0,0.05,5.0,0.0,0,1
791.0,35.0,35.0,0.05,5.0,0.0,0,1
792.0,35.0,35.0,0.05,5.0,0.0,0,1
793.0,35.0,35.0,0.05,5.0,0.0,0,1
794.0,35.0,35.0,0.05,5.0,0.0,0,1
795.0,35.0,35.0,0.05,5.0,0.0,0,1
796.0,35.0,35.0,0.05,5.0,0.0,0,1
797.0,35.0,35.0,0.05,5.0,0.0,0,1
798.0,35.0,35.0,0.05,5.0,0.0,0,1
799.0,35.0,35.0,0.05,5.0,0.0,0,1
800.0,35.0,35.0,0.05,5.0,0.0,0,1
801.0,35.0,35.0,0.05,5.0,0.0,0,1
802.0,35.0,35.0,0.05,5.0,0.0,0,1
803.0,35.0,35.0,0.05,5.0,0.0,0,1
804.0,35.0,35.0,0.05,5.0,0.0,0,1
805.0,35.0,35.0,0.05,5.0,0.0,0,1
806.0,35.0,35.0,0.05,5.0,0.0,0,1
807.0,35.0,35.0,0.05,5.0,0.0,0,1
808.0,35.0,35.0,0.05,5.0,0.0,0,1
809.0,35.0,35.0,0.05,5.0,0.0,0,1
810.0,35.0,35.0,0.05,5.0,0.0,0,1
811.0,35.0,35.0,0.05,5.0,0.0,0,1
812.0,35.0,35.0,0.05,5.0,0.0,0,1
813.0,35.0,35.0,0.05,5.0,0.0,0,1
814.0,35.0,35.0,0.05,5.0,0.0,0,1
815.0,35.0,35.0,0.05,5.0,0.0,0,1
816.0,35.0,35.0,0.05,5.0,0.0,0,1
817.0,35.0,35.0,0.05,5.0,0.0,0,1
818.0,35.0,35.0,0.05,5.0,0.0,0,1
819.0,35.0,35.0,0.05,5.0,0.0,0,1
820.0,35.0,35.0,0.05,5.0,0.0,0,1
821.0,35.0,35.0,0.05,5.0,0.0,0,1
822.0,35.0,35.0,0.05,5.0,0.0,0,1
823.0,35.0,35.0,0.05,5.0,0.0,0,1
824.0,35.0,35.0,0.05,5.0,0.0,0,1
825.0,35.0,35.0,0.05,5.0,0.0,0,1
826.0,35.0,35.0,0.05,5.0,0.0,0,1
827.0,35.0,35.0,0.05,5.0,0.0,0,1
828.0,35.0,35.0,0.05,5.0,0.0,0,1
829.0,35.0,35.0,0.05,5.0,0.0,0,1
830.0,35.0,35.0,0.05,5.0,0.0,0,1
831.0,35.0,35.0,0.05,5.0,0.0,0,1
832.0,35.0,35.0,0.05,5.0,0.0,0,1
833.0,35.0,35.0,0.05,5.0,0.0,0,1
834.0,35.0,35.0,0.05,5.0,0.0,0,1
835.0,35.0,35.0,0.05,5.0,0.0,0,1
836.0,35.0,35.0,0.05,5.0,0.0,0,1
837.0,35.0,35.0,0.05,5.0,0.0,0,1
838.0,35.0,35.0,0.05,5.0,0.0,0,1
839.0,35.0,35.0,0.05,5.0,0.0,0,1
840.0,35.0,35.0,0.05,5.0,0.0,0,1
841.0,35.0,35.0,0.05,5.0,0.0,0,1
842.0,35.0,35.0,0.05,5.0,0.0,0,1
843.0,35.0,35.0,0.05,5.0,0.0,0,1
844.0,35.0,35.0,0.05,5.0,0.0,0,1
845.0,35.0,35.0,0.05,5.0,0.0,0,1
846.0,35.0,35.0,0.05,5.0,0.0,0,1
847.0,35.0,35.0,0.05,5.0,0.0,0,1
848.0,35.0,35.0,0.05,5.0,0.0,0,1
849.0,35.0,35.0,0.05,5.0,0.0,0,1
850.0,35.0,35.0,0.05,5.0,0.0,0,1
851.0,35.0,35.0,0.05,5.0,0.0,0,1
852.0,35.0,35.0,0.05,5.0,0.0,0,1
853.0,35.0,35.0,0.05,5.0,0.0,0,1
854.0,35.0,35.0,0.05,5.0,0.0,0,1
855.0,35.0,35.0,0.05,5.0,0.0,0,1
856.0,35.0,35.0,0.05,5.0,0.0,0,1
857.0,35.0,35.0,0.05,5.0,0.0,0,1
858.0,35.0,35.0,0.05,5.0,0.0,0,1
859.0,35.0,35.0,0.05,5.0,0.0,0,1
860.0,35.0,35.0,0.05,5.0,0.0,0,1
861.0,35.0,35.0,0.05,5.0,0.0,0,1
862.0,35.0,35.0,0.05,5.0,0.0,0,1
863.0,35.0,35.0,0.05,5.0,0.0,0,1
864.0,35.0,35.0,0.05,5.0,0.0,0,1
865.0,35.0,35.0,0.05,5.0,0.0,0,1
866.0,35.0,35.0,0.05,5.0,0.0,0,1
867.0,35.0,35.0,0.05,5.0,0.0,0,1
868.0,35.0,35.0,0.05,5.0,0.0,0,1
869.0,35.0,35.0,0.05,5.0,0.0,0,1
870.0,35.0,35.0,0.05,5.0,0.0,0,1
871.0,35.0,35.0,0.05,5.0,0.0,0,1
872.0,35.0,35.0,0.05,5.0,0.0,0,1
873.0,35.0,35.0,0.05,5.0,0.0,0,1
874.0,35.0,35.0,0.05,5.0,0.0,0,1
875.0,35.0,35.0,0.05,5.0,0.0,0,1
876.0,35.0,35.0,0.05,5.0,0.0,0,1
877.0,35.0,35.0,0.05,5.0,0.0,0,1
878.0,35.0,35.0,0.05,5.0,0.0,0,1
879.0,35.0,35.0,0.05,5.0,0.0,0,1
880.0,35.0,35.0,0.05,5.0,0.0,0,1
881.0,35.0,35.0,0.05,5.0,0.0,0,1
882.0,35.0,35.0,0.05,5.0,0.0,0,1
883.0,35.0,35.0,0.05,5.0,0.0,0,1
884.0,35.0,35.0,0.05,5.0,0.0,0,1
885.0,35.0,35.0,0.05,5.0,0.0,0,1
886.0,35.0,35.0,0.05,5.0,0.0,0,1
887.0,35.0,35.0,0.05,5.0,0.0,0,1
888.0,35.0,35.0,0.05,5.0,0.0,0,1
889.0,35.0,35.0,0.05,5.0,0.0,0,1
890.0,35.0,35.0,0.05,5.0,0.0,0,1
891.0,35.0,35.0,0.05,5.0,0.0,0,1
892.0,35.0,35.0,0.05,5.0,0.0,0,1
893.0,35.0,35.0,0.05,5.0,0.0,0,1
894.0,35.0,35.0,0.05,5.0,0.0,0,1
895.0,35.0,35.0,0.05,5.0,0.0,0,1
896.0,35.0,35.0,0.05,5.0,0.0,0,1
897.0,35.0,35.0,0.05,5.0,0.0,0,1
898.0,35.0,35.0,0.05,5.0,0.0,0,1
899.0,35.0,35.0,0.05,5.0,0.0,0,1
900.0,35.0,35.0,0.05,5.0,0.0,0,1
901.0,35.0,35.0,0.05,5.0,0.0,0,1
902.0,35.0,35.0,0.05,5.0,0.0,0,1
903.0,35.0,35.0,0.05,5.0,0.0,0,1
904.0,35.0,35.0,0.05,5.0,0.0,0,1
905.0,35.0,35.0,0.05,5.0,0.0,0,1
906.0,35.0,35.0,0.05,5.0,0.0,0,1
907.0,35.0,35.0,0.05,5.0,0.0,0,1
908.0,35.0,35.0,0.05,5.0,0.0,0,1
909.0,35.0,35.0,0.05,5.0,0.0,0,1
910.0,35.0,35.0,0.05,5.0,0.0,0,1
911.0,35.0,35.0,0.05,5.0,0.0,0,1
912.0,35.0,35.0,0.05,5.0,0.0,0,1
913.0,35.0,35.0,0.05,5.0,0.0,0,1
914.0,35.0,35.0,0.05,5.0,0.0,0,1
915.0,35.0,35.0,0.05,5.0,0.0,0,1
916.0,35.0,35.0,0.05,5.0,0.0,0,1
917.0,35.0,35.0,0.05,5.0,0.0,0,1
918.0,35.0,35.0,0.05,5.0,0.0,0,1
919.0,35.0,35.0,0.05,5.0,0.0,0,1
920.0,35.0,35.0,0.05,5.0,0.0,0,1
921.0,35.0,35.0,0.05,5.0,0.0,0,1
922.0,35.0,35.0,0.05,5.0,0.0,0,1
923.0,35.0,35.0,0.05,5.0,0.0,0,1
924.0,35.0,35.0,0.05,5.0,0.0,0,1
925.0,35.0,35.0,0.05,5.0,0.0,0,1
926.0,35.0,35.0,0.05,5.0,0.0,0,1
927.0,35.0,35.0,0.05,5.0,0.0,0,1
928.0,35.0,35.0,0.05,5.0,0.0,0,1
929.0,35.0,35.0,0.05,5.0,0.0,0,1
930.0,35.0,35.0,0.05,5.0,0.0,0,1
931.0,35.0,35.0,0.05,5.0,0.0,0,1
932.0,35.0,35.0,0.05,5.0,0.0,0,1
933.0,35.0,35.0,0.05,5.0,0.0,0,1
934.0,35.0,35.0,0.05,5.0,0.0,0,1
935.0,35.0,35.0,0.05,5.0,0.0,0,1
936.0,35.0,35.0,0.05,5.0,0.0,0,1
937.0,35.0,35.0,0.05,5.0,0.0,0,1
938.0,35.0,35.0,0.05,5.0,0.0,0,1
939.0,35.0,35.0,0.05,5.0,0.0,0,1
940.0,35.0,35.0,0.05,5.0,0.0,0,1
941.0,35.0,35.0,0.05,5.0,0.0,0,1
942.0,35.0,35.0,0.05,5.0,0.0,0,1
943.0,35.0,35.0,0.05,5.0,0.0,0,1
944.0,35.0,35.0,0.05,5.0,0.0,0,1
945.0,35.0,35.0,0.05,5.0,0.0,0,1
946.0,35.0,35.0,0.05,5.0,0.0,0,1
947.0,35.0,35.0,0.05,5.0,0.0,0,1
948.0,35.0,35.0,0.05,5.0,0.0,0,1
949.0,35.0,35.0,0.05,5.0,0.0,0,1
950.0,35.0,35.0,0.05,5.0,0.0,0,1
951.0,35.0,35.0,0.05,5.0,0.0,0,1
952.0,35.0,35.0,0.05,5.0,0.0,0,1
953.0,35.0,35.0,0.05,5.0,0.0,0,1
954.0,35.0,35.0,0.05,5.0,0.0,0,1
955.0,35.0,35.0,0.05,5.0,0.0,0,1
956.0,35.0,35.0,0.05,5.0,0.0,0,1
957.0,35.0,35.0,0.05,5.0,0.0,0,1
958.0,35.0,35.0,0.05,5.0,0.0,0,1
959.0,35.0,35.0,0.05,5.0,0.0,0,1
960.0,35.0,35.0,0.05,5.0,0.0,0,1
961.0,35.0,35.0,0.05,5.0,0.0,0,1
962.0,35.0,35.0,0.05,5.0,0.0,0,1
963.0,35.0,35.0,0.05,5.0,0.0,0,1
964.0,35.0,35.0,0.05,5.0,0.0,0,1
965.0,35.0,35.0,0.05,5.0,0.0,0,1
966.0,35.0,35.0,0.05,5.0,0.0,0,1
967.0,35.0,35.0,0.05,5.0,0.0,0,1
968.0,35.0,35.0,0.05,5.0,0.0,0,1
969.0,35.0,35.0,0.05,5.0,0.0,0,1
970.0,35.0,35.0,0.05,5.0,0.0,0,1
971.0,35.0,35.0,0.05,5.0,0.0,0,1
972.0,35.0,35.0,0.05,5.0,0.0,0,1
973.0,35.0,35.0,0.05,5.0,0.0,0,1
974.0,35.0,35.0,0.05,5.0,0.0,0,1
975.0,35.0,35.0,0.05,5.0,0.0,0,1
976.0,35.0,35.0,0.05,5.0,0.0,0,1
977.0,35.0,35.0,0.05,5.0,0.0,0,1
978.0,35.0,35.0,0.05,5.0,0.0,0,1
979.0,35.0,35.0,0.05,5.0,0.0,0,1
980.0,35.0,35.0,0.05,5.0,0.0,0,1
981.0,35.0,35.0,0.05,5.0,0.0,0,1
982.0,35.0,35.0,0.05,5.0,0.0,0,1
983.0,35.0,35.0,0.05,5.0,0.0,0,1
984.0,35.0,35.0,0.05,5.0,0.0,0,1
985.0,35.0,35.0,0.05,5.0,0.0,0,1
986.0,35.0,35.0,0.05,5.0,0.0,0,1
987.0,35.0,35.0,0.05,5.0,0.0,0,1
988.0,35.0,35.0,0.05,5.0,0.0,0,1
989.0,35.0,35.0,0.05,5.0,0.0,0,1
990.0,35.0,35.0,0.05,5.0,0.0,0,1
991.0,35.0,35.0,0.05,5.0,0.0,0,1
992.0,35.0,35.0,0.05,5.0,0.0,0,1
993.0,35.0,35.0,0.05,5.0,0.0,0,1
994.0,35.0,35.0,0.05,5.0,0.0,0,1
995.0,35.0,35.0,0.05,5.0,0.0,0,1
996.0,35.0,35.0,0.05,5.0,0.0,0,1
997.0,35.0,35.0,0.05,5.0,0.0,0,1
998.0,35.0,35.0,0.05,5.0,0.0,0,1
999.0,35.0,35.0,0.05,5.0,0.0,0,1
1000.0,35.0,35.0,0.05,5.0,0.0,0,1
1001.0,35.0,35.0,0.05,5.0,0.0,0,1
1002.0,35.0,35.0,0.05,5.0,0.0,0,1
1003.0,35.0,35.0,0.05,5.0,0.0,0,1
1004.0,35.0,35.0,0.05,5.0,0.0,0,1
1005.0,35.0,35.0,0.05,5.0,0.0,0,1
1006.0,35.0,35.0,0.05,5.0,0.0,0,1
1007.0,35.0,35.0,0.05,5.0,0.0,0,1
1008.0,35.0,35.0,0.05,5.0,0.0,0,1
1009.0,35.0,35.0,0.05,5.0,0.0,0,1
1010.0,35.0,35.0,0.05,5.0,0.0,0,1
1011.0,35.0,35.0,0.05,5.0,0.0,0,1
1012.0,35.0,35.0,0.05,5.0,0.0,0,1
1013.0,35.0,35.0,0.05,5.0,0.0,0,1
1014.0,35.0,35.0,0.05,5.0,0.0,0,1
1015.0,35.0,35.0,0.05,5.0,0.0,0,1
1016.0,35.0,35.0,0.05,5.0,0.0,0,1
1017.0,35.0,35.0,0.05,5.0,0.0,0,1
1018.0,35.0,35.0,0.05,5.0,0.0,0,1
1019.0,35.0,35.0,0.05,5.0,0.0,0,1
1020.0,35.0,35.0,0.05,5.0,0.0,0,1
1021.0,35.0,35.0,0.05,5.0,0.0,0,1
1022.0,35.0,35.0,0.05,5.0,0.0,0,1
1023.0,35.0,35.0,0.05,5.0,0.0,0,1
1024.0,35.0,35.0,0.05,5.0,0.0,0,1
1025.0,35.0,35.0,0.05,5.0,0.0,0,1
1026.0,35.0,35.0,0.05,5.0,0.0,0,1
1027.0,35.0,35.0,0.05,5.0,0.0,0,1
1028.0,35.0,35.0,0.05,5.0,0.0,0,1
1029.0,35.0,35.0,0.05,5.0,0.0,0,1
1030.0,35.0,35.0,0.05,5.0,0.0,0,1
1031.0,35.0,35.0,0.05,5.0,0.0,0,1
1032.0,35.0,35.0,0.05,5.0,0.0,0,1
1033.0,35.0,35.0,0.05,5.0,0.0,0,1
1034.0,35.0,35.0,0.05,5.0,0.0,0,1
1035.0,35.0,35.0,0.05,5.0,0.0,0,1
1036.0,35.0,35.0,0.05,5.0,0.0,0,1
1037.0,35.0,35.0,0.05,5.0,0.0,0,1
1038.0,35.0,35.0,0.05,5.0,0.0,0,1
1039.0,35.0,35.0,0.05,5.0,0.0,0,1
1040.0,35.0,35.0,0.05,5.0,0.0,0,1
1041.0,35.0,35.0,0.05,5.0,0.0,0,1
1042.0,35.0,35.0,0.05,5.0,0.0,0,1
1043.0,35.0,35.0,0.05,5.0,0.0,0,1
1044.0,35.0,35.0,0.05,5.0,0.0,0,1
1045.0,35.0,35.0,0.05,5.0,0.0,0,1
1046.0,35.0,35.0,0.05,5.0,0.0,0,1
1047.0,35.0,35.0,0.05,5.0,0.0,0,1
1048.0,35.0,35.0,0.05,5.0,0.0,0,1
1049.0,35.0,35.0,0.05,5.0,0.0,0,1
1050.0,35.0,35.0,0.05,5.0,0.0,0,1
1051.0,35.0,35.0,0.05,5.0,0.0,0,1
1052.0,35.0,35.0,0.05,5.0,0.0,0,1
1053.0,35.0,35.0,0.05,5.0,0.0,0,1
1054.0,35.0,35.0,0.05,5.0,0.0,0,1
1055.0,35.0,35.0,0.05,5.0,0.0,0,1
1056.0,35.0,35.0,0.05,5.0,0.0,0,1
1057.0,35.0,35.0,0.05,5.0,0.0,0,1
1058.0,35.0,35.0,0.05,5.0,0.0,0,1
1059.0,35.0,35.0,0.05,5.0,0.0,0,1
1060.0,35.0,35.0,0.05,5.0,0.0,0,1
1061.0,35.0,35.0,0.05,5.0,0.0,0,1
1062.0,35.0,35.0,0.05,5.0,0.0,0,1
1063.0,35.0,35.0,0.05,5.0,0.0,0,1
1064.0,35.0,35.0,0.05,5.0,0.0,0,1
1065.0,35.0,35.0,0.05,5.0,0.0,0,1
1066.0,35.0,35.0,0.05,5.0,0.0,0,1
1067.0,35.0,35.0,0.05,5.0,0.0,0,1
1068.0,35.0,35.0,0.05,5.0,0.0,0,1
1069.0,35.0,35.0,0.05,5.0,0.0,0,1
1070.0,35.0,35.0,0.05,5.0,0.0,0,1
1071.0,35.0,35.0,0.05,5.0,0.0,0,1
1072.0,35.0,35.0,0.05,5.0,0.0,0,1
1073.0,35.0,35.0,0.05,5.0,0.0,0,1
1074.0,35.0,35.0,0.05,5.0,0.0,0,1
1075.0,35.0,35.0,0.05,5.0,0.0,0,1
1076.0,35.0,35.0,0.05,5.0,0.0,0,1
1077.0,35.0,35.0,0.05,5.0,0.0,0,1
1078.0,35.0,35.0,0.05,5.0,0.0,0,1
1079.0,35.0,35.0,0.05,5.0,0.0,0,1
1080.0,35.0,35.0,0.05,5.0,0.0,0,1
1081.0,35.0,35.0,0.05,5.0,0.0,0,1
1082.0,35.0,35.0,0.05,5.0,0.0,0,1
1083.0,35.0,35.0,0.05,5.0,0.0,0,1
1084.0,35.0,35.0,0.05,5.0,0.0,0,1
1085.0,35.0,35.0,0.05,5.0,0.0,0,1
1086.0,35.0,35.0,0.05,5.0,0.0,0,1
1087.0,35.0,35.0,0.05,5.0,0.0,0,1
1088.0,35.0,35.0,0.05,5.0,0.0,0,1
1089.0,35.0,35.0,0.05,5.0,0.0,0,1
1090.0,35.0,35.0,0.05,5.0,0.0,0,1
1091.0,35.0,35.0,0.05,5.0,0.0,0,1
1092.0,35.0,35.0,0.05,5.0,0.0,0,1
1093.0,35.0,35.0,0.05,5.0,0.0,0,1
1094.0,35.0,35.0,0.05,5.0,0.0,0,1
1095.0,35.0,35.0,0.05,5.0,0.0,0,1
1096.0,35.0,35.0,0.05,5.0,0.0,0,1
1097.0,35.0,35.0,0.05,5.0,0.0,0,1
1098.0,35.0,35.0,0.05,5.0,0.0,0,1
1099.0,35.0,35.0,0.05,5.0,0.0,0,1
1100.0,35.0,35.0,0.05,5.0,0.0,0,1
1101.0,35.0,35.0,0.05,5.0,0.0,0,1
1102.0,35.0,35.0,0.05,5.0,0.0,0,1
1103.0,35.0,35.0,0.05,5.0,0.0,0,1
1104.0,35.0,35.0,0.05,5.0,0.0,0,1
1105.0,35.0,35.0,0.05,5.0,0.0,0,1
1106.0,35.0,35.0,0.05,5.0,0.0,0,1
1107.0,35.0,35.0,0.05,5.0,0.0,0,1
1108.0,35.0,35.0,0.05,5.0,0.0,0,1
1109.0,35.0,35.0,0.05,5.0,0.0,0,1
1110.0,35.0,35.0,0.05,5.0,0.0,0,1
1111.0,35.0,35.0,0.05,5.0,0.0,0,1
1112.0,35.0,35.0,0.05,5.0,0.0,0,1
1113.0,35.0,35.0,0.05,5.0,0.0,0,1
1114.0,35.0,35.0,0.05,5.0,0.0,0,1
1115.0,35.0,35.0,0.05,5.0,0.0,0,1
1116.0,35.0,35.0,0.05,5.0,0.0,0,1
1117.0,35.0,35.0,0.05,5.0,0.0,0,1
1118.0,35.0,35.0,0.05,5.0,0.0,0,1
1119.0,35.0,35.0,0.05,5.0,0.0,0,1
1120.0,35.0,35.0,0.05,5.0,0.0,0,1
1121.0,35.0,35.0,0.05,5.0,0.0,0,1
1122.0,35.0,35.0,0.05,5.0,0.0,0,1
1123.0,35.0,35.0,0.05,5.0,0.0,0,1
1124.0,35.0,35.0,0.05,5.0,0.0,0,1
1125.0,35.0,35.0,0.05,5.0,0.0,0,1
1126.0,35.0,35.0,0.05,5.0,0.0,0,1
1127.0,35.0,35.0,0.05,5.0,0.0,0,1
1128.0,35.0,35.0,0.05,5.0,0.0,0,1
1129.0,35.0,35.0,0.05,5.0,0.0,0,1
1130.0,35.0,35.0,0.05,5.0,0.0,0,1
1131.0,35.0,35.0,0.05,5.0,0.0,0,1
1132.0,35.0,35.0,0.05,5.0,0.0,0,1
1133.0,35.0,35.0,0.05,5.0,0.0,0,1
1134.0,35.0,35.0,0.05,5.0,0.0,0,1
1135.0,35.0,35.0,0.05,5.0,0.0,0,1
1136.0,35.0,35.0,0.05,5.0,0.0,0,1
1137.0,35.0,35.0,0.05,5.0,0.0,0,1
1138.0,35.0,35.0,0.05,5.0,0.0,0,1
1139.0,35.0,35.0,0.05,5.0,0.0,0,1
1140.0,35.0,35.0,0.05,5.0,0.0,0,1
1141.0,35.0,35.0,0.05,5.0,0.0,0,1
1142.0,35.0,35.0,0.05,5.0,0.0,0,1
1143.0,35.0,35.0,0.05,5.0,0.0,0,1
1144.0,35.0,35.0,0.05,5.0,0.0,0,1
1145.0,35.0,35.0,0.05,5.0,0.0,0,1
1146.0,35.0,35.0,0.05,5.0,0.0,0,1
1147.0,35.0,35.0,0.05,5.0,0.0,0,1
1148.0,35.0,35.0,0.05,5.0,0.0,0,1
1149.0,35.0,35.0,0.05,5.0,0.0,0,1
1150.0,35.0,35.0,0.05,5.0,0.0,0,1
1151.0,35.0,35.0,0.05,5.0,0.0,0,1
1152.0,35.0,35.0,0.05,5.0,0.0,0,1
1153.0,35.0,35.0,0.05,5.0,0.0,0,1
1154.0,35.0,35.0,0.05,5.0,0.0,0,1
1155.0,35.0,35.0,0.05,5.0,0.0,0,1
1156.0,35.0,35.0,0.05,5.0,0.0,0,1
1157.0,35.0,35.0,0.05,5.0,0.0,0,1
1158.0,35.0,35.0,0.05,5.0,0.0,0,1
1159.0,35.0,35.0,0.05,5.0,0.0,0,1
1160.0,35.0,35.0,0.05,5.0,0.0,0,1
1161.0,35.0,35.0,0.05,5.0,0.0,0,1
1162.0,35.0,35.0,0.05,5.0,0.0,0,1
1163.0,35.0,35.0,0.05,5.0,0.0,0,1
1164.0,35.0,35.0,0.05,5.0,0.0,0,1
1165.0,35.0,35.0,0.05,5.0,0.0,0,1
1166.0,35.0,35.0,0.05,5.0,0.0,0,1
1167.0,35.0,35.0,0.05,5.0,0.0,0,1
1168.0,35.0,35.0,0.05,5.0,0.0,0,1
1169.0,35.0,35.0,0.05,5.0,0.0,0,1
1170.0,35.0,35.0,0.05,5.0,0.0,0,1
1171.0,35.0,35.0,0.05,5.0,0.0,0,1
1172.0,35.0,35.0,0.05,5.0,0.0,0,1
1173.0,35.0,35.0,0.05,5.0,0.0,0,1
1174.0,35.0,35.0,0.05,5.0,0.0,0,1
1175.0,35.0,35.0,0.05,5.0,0.0,0,1
1176.0,35.0,35.0,0.05,5.0,0.0,0,1
1177.0,35.0,35.0,0.05,5.0,0.0,0,1
1178.0,35.0,35.0,0.05,5.0,0.0,0,1
1179.0,35.0,35.0,0.05,5.0,0.0,0,1
1180.0,35.0,35.0,0.05,5.0,0.0,0,1
1181.0,35.0,35.0,0.05,5.0,0.0,0,1
1182.0,35.0,35.0,0.05,5.0,0.0,0,1
1183.0,35.0,35.0,0.05,5.0,0.0,0,1
1184.0,35.0,35.0,0.05,5.0,0.0,0,1
1185.0,35.0,35.0,0.05,5.0,0.0,0,1
1186.0,35.0,35.0,0.05,5.0,0.0,0,1
1187.0,35.0,35.0,0.05,5.0,0.0,0,1
1188.0,35.0,35.0,0.05,5.0,0.0,0,1
1189.0,35.0,35.0,0.05,5.0,0.0,0,1
1190.0,35.0,35.0,0.05,5.0,0.0,0,1
1191.0,35.0,35.0,0.05,5.0,0.0,0,1
1192.0,35.0,35.0,0.05,5.0,0.0,0,1
1193.0,35.0,35.0,0.05,5.0,0.0,0,1
1194.0,35.0,35.0,0.05,5.0,0.0,0,1
1195.0,35.0,35.0,0.05,5.0,0.0,0,1
1196.0,35.0,35.0,0.05,5.0,0.0,0,1
1197.0,35.0,35.0,0.05,5.0,0.0,0,1
1198.0,35.0,35.0,0.05,5.0,0.0,0,1
1199.0,35.0,35.0,0.05,5.0,0.0,0,1
1200.0,35.0,35.0,0.05,5.0,0.0,0,1
1201.0,35.0,35.0,0.05,5.0,0.0,0,1
1202.0,35.0,35.0,0.05,5.0,0.0,0,1
1203.0,35.0,35.0,0.05,5.0,0.0,0,1
1204.0,35.0,35.0,0.05,5.0,0.0,0,1
1205.0,35.0,35.0,0.05,5.0,0.0,0,1
1206.0,35.0,35.0,0.05,5.0,0.0,0,1
1207.0,35.0,35.0,0.05,5.0,0.0,0,1
1208.0,35.0,35.0,0.05,5.0,0.0,0,1
1209.0,35.0,35.0,0.05,5.0,0.0,0,1
1210.0,35.0,35.0,0.05,5.0,0.0,0,1
1211.0,35.0,35.0,0.05,5.0,0.0,0,1
1212.0,35.0,35.0,0.05,5.0,0.0,0,1
1213.0,35.0,35.0,0.05,5.0,0.0,0,1
1214.0,35.0,35.0,0.05,5.0,0.0,0,1
1215.0,35.0,35.0,0.05,5.0,0.0,0,1
1216.0,35.0,35.0,0.05,5.0,0.0,0,1
1217.0,35.0,35.0,0.05,5.0,0.0,0,1
1218.0,35.0,35.0,0.05,5.0,0.0,0,1
1219.0,35.0,35.0,0.05,5.0,0.0,0,1
1220.0,35.0,35.0,0.05,5.0,0.0,0,1
1221.0,35.0,35.0,0.05,5.0,0.0,0,1
1222.0,35.0,35.0,0.05,5.0,0.0,0,1
1223.0,35.0,35.0,0.05,5.0,0.0,0,1
1224.0,35.0,35.0,0.05,5.0,0.0,0,1
1225.0,35.0,35.0,0.05,5.0,0.0,0,1
1226.0,35.0,35.0,0.05,5.0,0.0,0,1
1227.0,35.0,35.0,0.05,5.0,0.0,0,1
1228.0,35.0,35.0,0.05,5.0,0.0,0,1
1229.0,35.0,35.0,0.05,5.0,0.0,0,1
1230.0,35.0,35.0,0.05,5.0,0.0,0,1
1231.0,35.0,35.0,0.05,5.0,0.0,0,1
1232.0,35.0,35.0,0.05,5.0,0.0,0,1
1233.0,35.0,35.0,0.05,5.0,0.0,0,1
1234.0,35.0,35.0,0.05,5.0,0.0,0,1
1235.0,35.0,35.0,0.05,5.0,0.0,0,1
1236.0,35.0,35.0,0.05,5.0,0.0,0,1
1237.0,35.0,35.0,0.05,5.0,0.0,0,1
1238.0,35.0,35.0,0.05,5.0,0.0,0,1
1239.0,35.0,35.0,0.05,5.0,0.0,0,1
1240.0,35.0,35.0,0.05,5.0,0.0,0,1
1241.0,35.0,35.0,0.05,5.0,0.0,0,1
1242.0,35.0,35.0,0.05,5.0,0.0,0,1
1243.0,35.0,35.0,0.05,5.0,0.0,0,1
1244.0,35.0,35.0,0.05,5.0,0.0,0,1
1245.0,35.0,35.0,0.05,5.0,0.0,0,1
1246.0,35.0,35.0,0.05,5.0,0.0,0,1
1247.0,35.0,35.0,0.05,5.0,0.0,0,1
1248.0,35.0,35.0,0.05,5.0,0.0,0,1
1249.0,35.0,35.0,0.05,5.0,0.0,0,1
1250.0,35.0,35.0,0.05,5.0,0.0,0,1
1251.0,35.0,35.0,0.05,5.0,0.0,0,1
1252.0,35.0,35.0,0.05,5.0,0.0,0,1
1253.0,35.0,35.0,0.05,5.0,0.0,0,1
1254.0,35.0,35.0,0.05,5.0,0.0,0,1
1255.0,35.0,35.0,0.05,5.0,0.0,0,1
1256.0,35.0,35.0,0.05,5.0,0.0,0,1
1257.0,35.0,35.0,0.05,5.0,0.0,0,1
1258.0,35.0,35.0,0.05,5.0,0.0,0,1
1259.0,35.0,35.0,0.05,5.0,0.0,0,1
1260.0,35.0,35.0,0.05,5.0,0.0,0,1
1261.0,35.0,35.0,0.05,5.0,0.0,0,1
1262.0,35.0,35.0,0.05,5.0,0.0,0,1
1263.0,35.0,35.0,0.05,5.0,0.0,0,1
1264.0,35.0,35.0,0.05,5.0,0.0,0,1
1265.0,35.0,35.0,0.05,5.0,0.0,0,1
1266.0,35.0,35.0,0.05,5.0,0.0,0,1
1267.0,35.0,35.0,0.05,5.0,0.0,0,1
1268.0,35.0,35.0,0.05,5.0,0.0,0,1
1269.0,35.0,35.0,0.05,5.0,0.0,0,1
1270.0,35.0,35.0,0.05,5.0,0.0,0,1
1271.0,35.0,35.0,0.05,5.0,0.0,0,1
1272.0,35.0,35.0,0.05,5.0,0.0,0,1
1273.0,35.0,35.0,0.05,5.0,0.0,0,1
1274.0,35.0,35.0,0.05,5.0,0.0,0,1
1275.0,35.0,35.0,0.05,5.0,0.0,0,1
1276.0,35.0,35.0,0.05,5.0,0.0,0,1
1277.0,35.0,35.0,0.05,5.0,0.0,0,1
1278.0,35.0,35.0,0.05,5.0,0.0,0,1
1279.0,35.0,35.0,0.05,5.0,0.0,0,1
1280.0,35.0,35.0,0.05,5.0,0.0,0,1
1281.0,35.0,35.0,0.05,5.0,0.0,0,1
1282.0,35.0,35.0,0.05,5.0,0.0,0,1
1283.0,35.0,35.0,0.05,5.0,0.0,0,1
1284.0,35.0,35.0,0.05,5.0,0.0,0,1
1285.0,35.0,35.0,0.05,5.0,0.0,0,1
1286.0,35.0,35.0,0.05,5.0,0.0,0,1
1287.0,35.0,35.0,0.05,5.0,0.0,0,1
1288.0,35.0,35.0,0.05,5.0,0.0,0,1
1289.0,35.0,35.0,0.05,5.0,0.0,0,1
1290.0,35.0,35.0,0.05,5.0,0.0,0,1
1291.0,35.0,35.0,0.05,5.0,0.0,0,1
1292.0,35.0,35.0,0.05,5.0,0.0,0,1
1293.0,35.0,35.0,0.05,5.0,0.0,0,1
1294.0,35.0,35.0,0.05,5.0,0.0,0,1
1295.0,35.0,35.0,0.05,5.0,0.0,0,1
1296.0,35.0,35.0,0.05,5.0,0.0,0,1
1297.0,35.0,35.0,0.05,5.0,0.0,0,1
1298.0,35.0,35.0,0.05,5.0,0.0,0,1
1299.0,35.0,35.0,0.05,5.0,0.0,0,1
1300.0,35.0,35.0,0.05,5.0,0.0,0,1
1301.0,35.0,35.0,0.05,5.0,0.0,0,1
1302.0,35.0,35.0,0.05,5.0,0.0,0,1
1303.0,35.0,35.0,0.05,5.0,0.0,0,1
1304.0,35.0,35.0,0.05,5.0,0.0,0,1
1305.0,35.0,35.0,0.05,5.0,0.0,0,1
1306.0,35.0,35.0,0.05,5.0,0.0,0,1
1307.0,35.0,35.0,0.05,5.0,0.0,0,1
1308.0,35.0,35.0,0.05,5.0,0.0,0,1
1309.0,35.0,35.0,0.05,5.0,0.0,0,1
1310.0,35.0,35.0,0.05,5.0,0.0,0,1
1311.0,35.0,35.0,0.05,5.0,0.0,0,1
1312.0,35.0,35.0,0.05,5.0,0.0,0,1
1313.0,35.0,35.0,0.05,5.0,0.0,0,1
1314.0,35.0,35.0,0.05,5.0,0.0,0,1
1315.0,35.0,35.0,0.05,5.0,0.0,0,1
1316.0,35.0,35.0,0.05,5.0,0.0,0,1
1317.0,35.0,35.0,0.05,5.0,0.0,0,1
1318.0,35.0,35.0,0.05,5.0,0.0,0,1
1319.0,35.0,35.0,0.05,5.0,0.0,0,1
1320.0,35.0,35.0,0.05,5.0,0.0,0,1
1321.0,35.0,35.0,0.05,5.0,0.0,0,1
1322.0,35.0,35.0,0.05,5.0,0.0,0,1
1323.0,35.0,35.0,0.05,5.0,0.0,0,1
1324.0,35.0,35.0,0.05,5.0,0.0,0,1
1325.0,35.0,35.0,0.05,5.0,0.0,0,1
1326.0,35.0,35.0,0.05,5.0,0.0,0,1
1327.0,35.0,35.0,0.05,5.0,0.0,0,1
1328.0,35.0,35.0,0.05,5.0,0.0,0,1
1329.0,35.0,35.0,0.05,5.0,0.0,0,1
1330.0,35.0,35.0,0.05,5.0,0.0,0,1
1331.0,35.0,35.0,0.05,5.0,0.0,0,1
1332.0,35.0,35.0,0.05,5.0,0.0,0,1
1333.0,35.0,35.0,0.05,5.0,0.0,0,1
1334.0,35.0,35.0,0.05,5.0,0.0,0,1
1335.0,35.0,35.0,0.05,5.0,0.0,0,1
1336.0,35.0,35.0,0.05,5.0,0.0,0,1
1337.0,35.0,35.0,0.05,5.0,0.0,0,1
1338.0,35.0,35.0,0.05,5.0,0.0,0,1
1339.0,35.0,35.0,0.05,5.0,0.0,0,1
1340.0,35.0,35.0,0.05,5.0,0.0,0,1
1341.0,35.0,35.0,0.05,5.0,0.0,0,1
1342.0,35.0,35.0,0.05,5.0,0.0,0,1
1343.0,35.0,35.0,0.05,5.0,0.0,0,1
1344.0,35.0,35.0,0.05,5.0,0.0,0,1
1345.0,35.0,35.0,0.05,5.0,0.0,0,1
1346.0,35.0,35.0,0.05,5.0,0.0,0,1
1347.0,35.0,35.0,0.05,5.0,0.0,0,1
1348.0,35.0,35.0,0.05,5.0,0.0,0,1
1349.0,35.0,35.0,0.05,5.0,0.0,0,1
1350.0,35.0,35.0,0.05,5.0,0.0,0,1
1351.0,35.0,35.0,0.05,5.0,0.0,0,1
1352.0,35.0,35.0,0.05,5.0,0.0,0,1
1353.0,35.0,35.0,0.05,5.0,0.0,0,1
1354.0,35.0,35.0,0.05,5.0,0.0,0,1
1355.0,35.0,35.0,0.05,5.0,0.0,0,1
1356.0,35.0,35.0,0.05,5.0,0.0,0,1
1357.0,35.0,35.0,0.05,5.0,0.0,0,1
1358.0,35.0,35.0,0.05,5.0,0.0,0,1
1359.0,35.0,35.0,0.05,5.0,0.0,0,1
1360.0,35.0,35.0,0.05,5.0,0.0,0,1
1361.0,35.0,35.0,0.05,5.0,0.0,0,1
1362.0,35.0,35.0,0.05,5.0,0.0,0,1
1363.0,35.0,35.0,0.05,5.0,0.0,0,1
1364.0,35.0,35.0,0.05,5.0,0.0,0,1
1365.0,35.0,35.0,0.05,5.0,0.0,0,1
1366.0,35.0,35.0,0.05,5.0,0.0,0,1
1367.0,35.0,35.0,0.05,5.0,0.0,0,1
1368.0,35.0,35.0,0.05,5.0,0.0,0,1
1369.0,35.0,35.0,0.05,5.0,0.0,0,1
1370.0,35.0,35.0,0.05,5.0,0.0,0,1
1371.0,35.0,35.0,0.05,5.0,0.0,0,1
1372.0,35.0,35.0,0.05,5.0,0.0,0,1
1373.0,35.0,35.0,0.05,5.0,0.0,0,1
1374.0,35.0,35.0,0.05,5.0,0.0,0,1
1375.0,35.0,35.0,0.05,5.0,0.0,0,1
1376.0,35.0,35.0,0.05,5.0,0.0,0,1
1377.0,35.0,35.0,0.05,5.0,0.0,0,1
1378.0,35.0,35.0,0.05,5.0,0.0,0,1
1379.0,35.0,35.0,0.05,5.0,0.0,0,1
1380.0,35.0,35.0,0.05,5.0,0.0,0,1
1381.0,35.0,35.0,0.05,5.0,0.0,0,1
1382.0,35.0,35.0,0.05,5.0,0.0,0,1
1383.0,35.0,35.0,0.05,5.0,0.0,0,1
1384.0,35.0,35.0,0.05,5.0,0.0,0,1
1385.0,35.0,35.0,0.05,5.0,0.0,0,1
1386.0,35.0,35.0,0.05,5.0,0.0,0,1
1387.0,35.0,35.0,0.05,5.0,0.0,0,1
1388.0,35.0,35.0,0.05,5.0,0.0,0,1
1389.0,35.0,35.0,0.05,5.0,0.0,0,1
1390.0,35.0,35.0,0.05,5.0,0.0,0,1
1391.0,35.0,35.0,0.05,5.0,0.0,0,1
1392.0,35.0,35.0,0.05,5.0,0.0,0,1
1393.0,35.0,35.0,0.05,5.0,0.0,0,1
1394.0,35.0,35.0,0.05,5.0,0.0,0,1
1395.0,35.0,35.0,0.05,5.0,0.0,0,1
1396.0,35.0,35.0,0.05,5.0,0.0,0,1
1397.0,35.0,35.0,0.05,5.0,0.0,0,1
1398.0,35.0,35.0,0.05,5.0,0.0,0,1
1399.0,35.0,35.0,0.05,5.0,0.0,0,1
1400.0,35.0,35.0,0.05,5.0,0.0,0,1
1401.0,35.0,35.0,0.05,5.0,0.0,0,1
1402.0,35.0,35.0,0.05,5.0,0.0,0,1
1403.0,35.0,35.0,0.05,5.0,0.0,0,1
1404.0,35.0,35.0,0.05,5.0,0.0,0,1
1405.0,35.0,35.0,0.05,5.0,0.0,0,1
1406.0,35.0,35.0,0.05,5.0,0.0,0,1
1407.0,35.0,35.0,0.05,5.0,0.0,0,1
1408.0,35.0,35.0,0.05,5.0,0.0,0,1
1409.0,35.0,35.0,0.05,5.0,0.0,0,1
1410.0,35.0,35.0,0.05,5.0,0.0,0,1
1411.0,35.0,35.0,0.05,5.0,0.0,0,1
1412.0,35.0,35.0,0.05,5.0,0.0,0,1
1413.0,35.0,35.0,0.05,5.0,0.0,0,1
1414.0,35.0,35.0,0.05,5.0,0.0,0,1
1415.0,35.0,35.0,0.05,5.0,0.0,0,1
1416.0,35.0,35.0,0.05,5.0,0.0,0,1
1417.0,35.0,35.0,0.05,5.0,0.0,0,1
1418.0,35.0,35.0,0.05,5.0,0.0,0,1
1419.0,35.0,35.0,0.05,5.0,0.0,0,1
1420.0,35.0,35.0,0.05,5.0,0.0,0,1
1421.0,35.0,35.0,0.05,5.0,0.0,0,1
1422.0,35.0,35.0,0.05,5.0,0.0,0,1
1423.0,35.0,35.0,0.05,5.0,0.0,0,1
1424.0,35.0,35.0,0.05,5.0,0.0,0,1
1425.0,35.0,35.0,0.05,5.0,0.0,0,1
1426.0,35.0,35.0,0.05,5.0,0.0,0,1
1427.0,35.0,35.0,0.05,5.0,0.0,0,1
1428.0,35.0,35.0,0.05,5.0,0.0,0,1
1429.0,35.0,35.0,0.05,5.0,0.0,0,1
1430.0,35.0,35.0,0.05,5.0,0.0,0,1
1431.0,35.0,35.0,0.05,5.0,0.0,0,1
1432.0,35.0,35.0,0.05,5.0,0.0,0,1
1433.0,35.0,35.0,0.05,5.0,0.0,0,1
1434.0,35.0,35.0,0.05,5.0,0.0,0,1
1435.0,35.0,35.0,0.05,5.0,0.0,0,1
1436.0,35.0,35.0,0.05,5.0,0.0,0,1
1437.0,35.0,35.0,0.05,5.0,0.0,0,1
1438.0,35.0,35.0,0.05,5.0,0.0,0,1
1439.0,35.0,35.0,0.05,5.0,0.0,0,1
1440.0,35.0,35.0,0.05,5.0,0.0,0,1
1441.0,35.0,35.0,0.05,5.0,0.0,0,1
1442.0,35.0,35.0,0.05,5.0,0.0,0,1
1443.0,35.0,35.0,0.05,5.0,0.0,0,1
1444.0,35.0,35.0,0.05,5.0,0.0,0,1
1445.0,35.0,35.0,0.05,5.0,0.0,0,1
1446.0,35.0,35.0,0.05,5.0,0.0,0,1
1447.0,35.0,35.0,0.05,5.0,0.0,0,1
1448.0,35.0,35.0,0.05,5.0,0.0,0,1
1449.0,35.0,35.0,0.05,5.0,0.0,0,1
1450.0,35.0,35.0,0.05,5.0,0.0,0,1
1451.0,35.0,35.0,0.05,5.0,0.0,0,1
1452.0,35.0,35.0,0.05,5.0,0.0,0,1
1453.0,35.0,35.0,0.05,5.0,0.0,0,1
1454.0,35.0,35.0,0.05,5.0,0.0,0,1
1455.0,35.0,35.0,0.05,5.0,0.0,0,1
1456.0,35.0,35.0,0.05,5.0,0.0,0,1
1457.0,35.0,35.0,0.05,5.0,0.0,0,1
1458.0,35.0,35.0,0.05,5.0,0.0,0,1
1459.0,35.0,35.0,0.05,5.0,0.0,0,1
1460.0,35.0,35.0,0.05,5.0,0.0,0,1
1461.0,35.0,35.0,0.05,5.0,0.0,0,1
1462.0,35.0,35.0,0.05,5.0,0.0,0,1
1463.0,35.0,35.0,0.05,5.0,0.0,0,1
1464.0,35.0,35.0,0.05,5.0,0.0,0,1
1465.0,35.0,35.0,0.05,5.0,0.0,0,1
1466.0,35.0,35.0,0.05,5.0,0.0,0,1
1467.0,35.0,35.0,0.05,5.0,0.0,0,1
1468.0,35.0,35.0,0.05,5.0,0.0,0,1
1469.0,35.0,35.0,0.05,5.0,0.0,0,1
1470.0,35.0,35.0,0.05,5.0,0.0,0,1
1471.0,35.0,35.0,0.05,5.0,0.0,0,1
1472.0,35.0,35.0,0.05,5.0,0.0,0,1
1473.0,35.0,35.0,0.05,5.0,0.0,0,1
1474.0,35.0,35.0,0.05,5.0,0.0,0,1
1475.0,35.0,35.0,0.05,5.0,0.0,0,1
1476.0,35.0,35.0,0.05,5.0,0.0,0,1
1477.0,35.0,35.0,0.05,5.0,0.0,0,1
1478.0,35.0,35.0,0.05,5.0,0.0,0,1
1479.0,35.0,35.0,0.05,5.0,0.0,0,1
1480.0,35.0,35.0,0.05,5.0,0.0,0,1
1481.0,35.0,35.0,0.05,5.0,0.0,0,1
1482.0,35.0,35.0,0.05,5.0,0.0,0,1
1483.0,35.0,35.0,0.05,5.0,0.0,0,1
1484.0,35.0,35.0,0.05,5.0,0.0,0,1
1485.0,35.0,35.0,0.05,5.0,0.0,0,1
1486.0,35.0,35.0,0.05,5.0,0.0,0,1
1487.0,35.0,35.0,0.05,5.0,0.0,0,1
1488.0,35.0,35.0,0.05,5.0,0.0,0,1
1489.0,35.0,35.0,0.05,5.0,0.0,0,1
1490.0,35.0,35.0,0.05,5.0,0.0,0,1
1491.0,35.0,35.0,0.05,5.0,0.0,0,1
1492.0,35.0,35.0,0.05,5.0,0.0,0,1
1493.0,35.0,35.0,0.05,5.0,0.0,0,1
1494.0,35.0,35.0,0.05,5.0,0.0,0,1
1495.0,35.0,35.0,0.05,5.0,0.0,0,1
1496.0,35.0,35.0,0.05,5.0,0.0,0,1
1497.0,35.0,35.0,0.05,5.0,0.0,0,1
1498.0,35.0,35.0,0.05,5.0,0.0,0,1
1499.0,35.0,35.0,0.05,5.0,0.0,0,1
1500.0,35.0,35.0,0.05,5.0,0.0,0,1
1501.0,35.0,35.0,0.05,5.0,0.0,0,1
1502.0,35.0,35.0,0.05,5.0,0.0,0,1
1503.0,35.0,35.0,0.05,5.0,0.0,0,1
1504.0,35.0,35.0,0.05,5.0,0.0,0,1
1505.0,35.0,35.0,0.05,5.0,0.0,0,1
1506.0,35.0,35.0,0.05,5.0,0.0,0,1
1507.0,35.0,35.0,0.05,5.0,0.0,0,1
1508.0,35.0,35.0,0.05,5.0,0.0,0,1
1509.0,35.0,35.0,0.05,5.0,0.0,0,1
1510.0,35.0,35.0,0.05,5.0,0.0,0,1
1511.0,35.0,35.0,0.05,5.0,0.0,0,1
1512.0,35.0,35.0,0.05,5.0,0.0,0,1
1513.0,35.0,35.0,0.05,5.0,0.0,0,1
1514.0,35.0,35.0,0.05,5.0,0.0,0,1
1515.0,35.0,35.0,0.05,5.0,0.0,0,1
1516.0,35.0,35.0,0.05,5.0,0.0,0,1
1517.0,35.0,35.0,0.05,5.0,0.0,0,1
1518.0,35.0,35.0,0.05,5.0,0.0,0,1
1519.0,35.0,35.0,0.05,5.0,0.0,0,1
1520.0,35.0,35.0,0.05,5.0,0.0,0,1
1521.0,35.0,35.0,0.05,5.0,0.0,0,1
1522.0,35.0,35.0,0.05,5.0,0.0,0,1
1523.0,35.0,35.0,0.05,5.0,0.0,0,1
1524.0,35.0,35.0,0.05,5.0,0.0,0,1
1525.0,35.0,35.0,0.05,5.0,0.0,0,1
1526.0,35.0,35.0,0.05,5.0,0.0,0,1
1527.0,35.0,35.0,0.05,5.0,0.0,0,1
1528.0,35.0,35.0,0.05,5.0,0.0,0,1
1529.0,35.0,35.0,0.05,5.0,0.0,0,1
1530.0,35.0,35.0,0.05,5.0,0.0,0,1
1531.0,35.0,35.0,0.05,5.0,0.0,0,1
1532.0,35.0,35.0,0.05,5.0,0.0,0,1
1533.0,35.0,35.0,0.05,5.0,0.0,0,1
1534.0,35.0,35.0,0.05,5.0,0.0,0,1
1535.0,35.0,35.0,0.05,5.0,0.0,0,1
1536.0,35.0,35.0,0.05,5.0,0.0,0,1
1537.0,35.0,35.0,0.05,5.0,0.0,0,1
1538.0,35.0,35.0,0.05,5.0,0.0,0,1
1539.0,35.0,35.0,0.05,5.0,0.0,0,1
1540.0,35.0,35.0,0.05,5.0,0.0,0,1
1541.0,35.0,35.0,0.05,5.0,0.0,0,1
1542.0,35.0,35.0,0.05,5.0,0.0,0,1
1543.0,35.0,35.0,0.05,5.0,0.0,0,1
1544.0,35.0,35.0,0.05,5.0,0.0,0,1
1545.0,35.0,35.0,0.05,5.0,0.0,0,1
1546.0,35.0,35.0,0.05,5.0,0.0,0,1
1547.0,35.0,35.0,0.05,5.0,0.0,0,1
1548.0,35.0,35.0,0.05,5.0,0.0,0,1
1549.0,35.0,35.0,0.05,5.0,0.0,0,1
1550.0,35.0,35.0,0.05,5.0,0.0,0,1
1551.0,35.0,35.0,0.05,5.0,0.0,0,1
1552.0,35.0,35.0,0.05,5.0,0.0,0,1
1553.0,35.0,35.0,0.05,5.0,0.0,0,1
1554.0,35.0,35.0,0.05,5.0,0.0,0,1
1555.0,35.0,35.0,0.05,5.0,0.0,0,1
1556.0,35.0,35.0,0.05,5.0,0.0,0,1
1557.0,35.0,35.0,0.05,5.0,0.0,0,1
1558.0,35.0,35.0,0.05,5.0,0.0,0,1
1559.0,35.0,35.0,0.05,5.0,0.0,0,1
1560.0,35.0,35.0,0.05,5.0,0.0,0,1
1561.0,35.0,35.0,0.05,5.0,0.0,0,1
1562.0,35.0,35.0,0.05,5.0,0.0,0,1
1563.0,35.0,35.0,0.05,5.0,0.0,0,1
1564.0,35.0,35.0,0.05,5.0,0.0,0,1
1565.0,35.0,35.0,0.05,5.0,0.0,0,1
1566.0,35.0,35.0,0.05,5.0,0.0,0,1
1567.0,35.0,35.0,0.05,5.0,0.0,0,1
1568.0,35.0,35.0,0.05,5.0,0.0,0,1
1569.0,35.0,35.0,0.05,5.0,0.0,0,1
1570.0,35.0,35.0,0.05,5.0,0.0,0,1
1571.0,35.0,35.0,0.05,5.0,0.0,0,1
1572.0,35.0,35.0,0.05,5.0,0.0,0,1
1573.0,35.0,35.0,0.05,5.0,0.0,0,1
1574.0,35.0,35.0,0.05,5.0,0.0,0,1
1575.0,35.0,35.0,0.05,5.0,0.0,0,1
1576.0,35.0,35.0,0.05,5.0,0.0,0,1
1577.0,35.0,35.0,0.05,5.0,0.0,0,1
1578.0,35.0,35.0,0.05,5.0,0.0,0,1
1579.0,35.0,35.0,0.05,5.0,0.0,0,1
1580.0,35.0,35.0,0.05,5.0,0.0,0,1
1581.0,35.0,35.0,0.05,5.0,0.0,0,1
1582.0,35.0,35.0,0.05,5.0,0.0,0,1
1583.0,35.0,35.0,0.05,5.0,0.0,0,1
1584.0,35.0,35.0,0.05,5.0,0.0,0,1
1585.0,35.0,35.0,0.05,5.0,0.0,0,1
1586.0,35.0,35.0,0.05,5.0,0.0,0,1
1587.0,35.0,35.0,0.05,5.0,0.0,0,1
1588.0,35.0,35.0,0.05,5.0,0.0,0,1
1589.0,35.0,35.0,0.05,5.0,0.0,0,1
1590.0,35.0,35.0,0.05,5.0,0.0,0,1
1591.0,35.0,35.0,0.05,5.0,0.0,0,1
1592.0,35.0,35.0,0.05,5.0,0.0,0,1
1593.0,35.0,35.0,0.05,5.0,0.0,0,1
1594.0,35.0,35.0,0.05,5.0,0.0,0,1
1595.0,35.0,35.0,0.05,5.0,0.0,0,1
1596.0,35.0,35.0,0.05,5.0,0.0,0,1
1597.0,35.0,35.0,0.05,5.0,0.0,0,1
1598.0,35.0,35.0,0.05,5.0,0.0,0,1
1599.0,35.0,35.0,0.05,5.0,0.0,0,1
1600.0,35.0,35.0,0.05,5.0,0.0,0,1
1601.0,35.0,35.0,0.05,5.0,0.0,0,1
1602.0,35.0,35.0,0.05,5.0,0.0,0,1
1603.0,35.0,35.0,0.05,5.0,0.0,0,1
1604.0,35.0,35.0,0.05,5.0,0.0,0,1
1605.0,35.0,35.0,0.05,5.0,0.0,0,1
1606.0,35.0,35.0,0.05,5.0,0.0,0,1
1607.0,35.0,35.0,0.05,5.0,0.0,0,1
1608.0,35.0,35.0,0.05,5.0,0.0,0,1
1609.0,35.0,35.0,0.05,5.0,0.0,0,1
1610.0,35.0,35.0,0.05,5.0,0.0,0,1
1611.0,35.0,35.0,0.05,5.0,0.0,0,1
1612.0,35.0,35.0,0.05,5.0,0.0,0,1
1613.0,35.0,35.0,0.05,5.0,0.0,0,1
1614.0,35.0,35.0,0.05,5.0,0.0,0,1
1615.0,35.0,35.0,0.05,5.0,0.0,0,1
1616.0,35.0,35.0,0.05,5.0,0.0,0,1
1617.0,35.0,35.0,0.05,5.0,0.0,0,1
1618.0,35.0,35.0,0.05,5.0,0.0,0,1
1619.0,35.0,35.0,0.05,5.0,0.0,0,1
1620.0,35.0,35.0,0.05,5.0,0.0,0,1
1621.0,35.0,35.0,0.05,5.0,0.0,0,1
1622.0,35.0,35.0,0.05,5.0,0.0,0,1
1623.0,35.0,35.0,0.05,5.0,0.0,0,1
1624.0,35.0,35.0,0.05,5.0,0.0,0,1
1625.0,35.0,35.0,0.05,5.0,0.0,0,1
1626.0,35.0,35.0,0.05,5.0,0.0,0,1
1627.0,35.0,35.0,0.05,5.0,0.0,0,1
1628.0,35.0,35.0,0.05,5.0,0.0,0,1
1629.0,35.0,35.0,0.05,5.0,0.0,0,1
1630.0,35.0,35.0,0.05,5.0,0.0,0,1
1631.0,35.0,35.0,0.05,5.0,0.0,0,1
1632.0,35.0,35.0,0.05,5.0,0.0,0,1
1633.0,35.0,35.0,0.05,5.0,0.0,0,1
1634.0,35.0,35.0,0.05,5.0,0.0,0,1
1635.0,35.0,35.0,0.05,5.0,0.0,0,1
1636.0,35.0,35.0,0.05,5.0,0.0,0,1
1637.0,35.0,35.0,0.05,5.0,0.0,0,1
1638.0,35.0,35.0,0.05,5.0,0.0,0,1
1639.0,35.0,35.0,0.05,5.0,0.0,0,1
1640.0,35.0,35.0,0.05,5.0,0.0,0,1
1641.0,35.0,35.0,0.05,5.0,0.0,0,1
1642.0,35.0,35.0,0.05,5.0,0.0,0,1
1643.0,35.0,35.0,0.05,5.0,0.0,0,1
1644.0,35.0,35.0,0.05,5.0,0.0,0,1
1645.0,35.0,35.0,0.05,5.0,0.0,0,1
1646.0,35.0,35.0,0.05,5.0,0.0,0,1
1647.0,35.0,35.0,0.05,5.0,0.0,0,1
1648.0,35.0,35.0,0.05,5.0,0.0,0,1
1649.0,35.0,35.0,0.05,5.0,0.0,0,1
1650.0,35.0,35.0,0.05,5.0,0.0,0,1
1651.0,35.0,35.0,0.05,5.0,0.0,0,1
1652.0,35.0,35.0,0.05,5.0,0.0,0,1
1653.0,35.0,35.0,0.05,5.0,0.0,0,1
1654.0,35.0,35.0,0.05,5.0,0.0,0,1
1655.0,35.0,35.0,0.05,5.0,0.0,0,1
1656.0,35.0,35.0,0.05,5.0,0.0,0,1
1657.0,35.0,35.0,0.05,5.0,0.0,0,1
1658.0,35.0,35.0,0.05,5.0,0.0,0,1
1659.0,35.0,35.0,0.05,5.0,0.0,0,1
1660.0,35.0,35.0,0.05,5.0,0.0,0,1
1661.0,35.0,35.0,0.05,5.0,0.0,0,1
1662.0,35.0,35.0,0.05,5.0,0.0,0,1
1663.0,35.0,35.0,0.05,5.0,0.0,0,1
1664.0,35.0,35.0,0.05,5.0,0.0,0,1
1665.0,35.0,35.0,0.05,5.0,0.0,0,1
1666.0,35.0,35.0,0.05,5.0,0.0,0,1
1667.0,35.0,35.0,0.05,5.0,0.0,0,1
1668.0,35.0,35.0,0.05,5.0,0.0,0,1
1669.0,35.0,35.0,0.05,5.0,0.0,0,1
1670.0,35.0,35.0,0.05,5.0,0.0,0,1
1671.0,35.0,35.0,0.05,5.0,0.0,0,1
1672.0,35.0,35.0,0.05,5.0,0.0,0,1
1673.0,35.0,35.0,0.05,5.0,0.0,0,1
1674.0,35.0,35.0,0.05,5.0,0.0,0,1
1675.0,35.0,35.0,0.05,5.0,0.0,0,1
1676.0,35.0,35.0,0.05,5.0,0.0,0,1
1677.0,35.0,35.0,0.05,5.0,0.0,0,1
1678.0,35.0,35.0,0.05,5.0,0.0,0,1
1679.0,35.0,35.0,0.05,5.0,0.0,0,1
1680.0,35.0,35.0,0.05,5.0,0.0,0,1
1681.0,35.0,35.0,0.05,5.0,0.0,0,1
1682.0,35.0,35.0,0.05,5.0,0.0,0,1
1683.0,35.0,35.0,0.05,5.0,0.0,0,1
1684.0,35.0,35.0,0.05,5.0,0.0,0,1
1685.0,35.0,35.0,0.05,5.0,0.0,0,1
1686.0,35.0,35.0,0.05,5.0,0.0,0,1
1687.0,35.0,35.0,0.05,5.0,0.0,0,1
1688.0,35.0,35.0,0.05,5.0,0.0,0,1
1689.0,35.0,35.0,0.05,5.0,0.0,0,1
1690.0,35.0,35.0,0.05,5.0,0.0,0,1
1691.0,35.0,35.0,0.05,5.0,0.0,0,1
1692.0,35.0,35.0,0.05,5.0,0.0,0,1
1693.0,35.0,35.0,0.05,5.0,0.0,0,1
1694.0,35.0,35.0,0.05,5.0,0.0,0,1
1695.0,35.0,35.0,0.05,5.0,0.0,0,1
1696.0,35.0,35.0,0.05,5.0,0.0,0,1
1697.0,35.0,35.0,0.05,5.0,0.0,0,1
1698.0,35.0,35.0,0.05,5.0,0.0,0,1
1699.0,35.0,35.0,0.05,5.0,0.0,0,1
1700.0,35.0,35.0,0.05,5.0,0.0,0,1
1701.0,35.0,35.0,0.05,5.0,0.0,0,1
1702.0,35.0,35.0,0.05,5.0,0.0,0,1
1703.0,35.0,35.0,0.05,5.0,0.0,0,1
1704.0,35.0,35.0,0.05,5.0,0.0,0,1
1705.0,35.0,35.0,0.05,5.0,0.0,0,1
1706.0,35.0,35.0,0.05,5.0,0.0,0,1
1707.0,35.0,35.0,0.05,5.0,0.0,0,1
1708.0,35.0,35.0,0.05,5.0,0.0,0,1
1709.0,35.0,35.0,0.05,5.0,0.0,0,1
1710.0,35.0,35.0,0.05,5.0,0.0,0,1
1711.0,35.0,35.0,0.05,5.0,0.0,0,1
1712.0,35.0,35.0,0.05,5.0,0.0,0,1
1713.0,35.0,35.0,0.05,5.0,0.0,0,1
1714.0,35.0,35.0,0.05,5.0,0.0,0,1
1715.0,35.0,35.0,0.05,5.0,0.0,0,1
1716.0,35.0,35.0,0.05,5.0,0.0,0,1
1717.0,35.0,35.0,0.05,5.0,0.0,0,1
1718.0,35.0,35.0,0.05,5.0,0.0,0,1
1719.0,35.0,35.0,0.05,5.0,0.0,0,1
1720.0,35.0,35.0,0.05,5.0,0.0,0,1
1721.0,35.0,35.0,0.05,5.0,0.0,0,1
1722.0,35.0,35.0,0.05,5.0,0.0,0,1
1723.0,35.0,35.0,0.05,5.0,0.0,0,1
1724.0,35.0,35.0,0.05,5.0,0.0,0,1
1725.0,35.0,35.0,0.05,5.0,0.0,0,1
1726.0,35.0,35.0,0.05,5.0,0.0,0,1
1727.0,35.0,35.0,0.05,5.0,0.0,0,1
1728.0,35.0,35.0,0.05,5.0,0.0,0,1
1729.0,35.0,35.0,0.05,5.0,0.0,0,1
1730.0,35.0,35.0,0.05,5.0,0.0,0,1
1731.0,35.0,35.0,0.05,5.0,0.0,0,1
1732.0,35.0,35.0,0.05,5.0,0.0,0,1
1733.0,35.0,35.0,0.05,5.0,0.0,0,1
1734.0,35.0,35.0,0.05,5.0,0.0,0,1
1735.0,35.0,35.0,0.05,5.0,0.0,0,1
1736.0,35.0,35.0,0.05,5.0,0.0,0,1
1737.0,35.0,35.0,0.05,5.0,0.0,0,1
1738.0,35.0,35.0,0.05,5.0,0.0,0,1
1739.0,35.0,35.0,0.05,5.0,0.0,0,1
1740.0,35.0,35.0,0.05,5.0,0.0,0,1
1741.0,35.0,35.0,0.05,5.0,0.0,0,1
1742.0,35.0,35.0,0.05,5.0,0.0,0,1
1743.0,35.0,35.0,0.05,5.0,0.0,0,1
1744.0,35.0,35.0,0.05,5.0,0.0,0,1
1745.0,35.0,35.0,0.05,5.0,0.0,0,1
1746.0,35.0,35.0,0.05,5.0,0.0,0,1
1747.0,35.0,35.0,0.05,5.0,0.0,0,1
1748.0,35.0,35.0,0.05,5.0,0.0,0,1
1749.0,35.0,35.0,0.05,5.0,0.0,0,1
1750.0,35.0,35.0,0.05,5.0,0.0,0,1
1751.0,35.0,35.0,0.05,5.0,0.0,0,1
1752.0,35.0,35.0,0.05,5.0,0.0,0,1
1753.0,35.0,35.0,0.05,5.0,0.0,0,1
1754.0,35.0,35.0,0.05,5.0,0.0,0,1
1755.0,35.0,35.0,0.05,5.0,0.0,0,1
1756.0,35.0,35.0,0.05,5.0,0.0,0,1
1757.0,35.0,35.0,0.05,5.0,0.0,0,1
1758.0,35.0,35.0,0.05,5.0,0.0,0,1
1759.0,35.0,35.0,0.05,5.0,0.0,0,1
1760.0,35.0,35.0,0.05,5.0,0.0,0,1
1761.0,35.0,35.0,0.05,5.0,0.0,0,1
1762.0,35.0,35.0,0.05,5.0,0.0,0,1
1763.0,35.0,35.0,0.05,5.0,0.0,0,1
1764.0,35.0,35.0,0.05,5.0,0.0,0,1
1765.0,35.0,35.0,0.05,5.0,0.0,0,1
1766.0,35.0,35.0,0.05,5.0,0.0,0,1
1767.0,35.0,35.0,0.05,5.0,0.0,0,1
1768.0,35.0,35.0,0.05,5.0,0.0,0,1
1769.0,35.0,35.0,0.05,5.0,0.0,0,1
1770.0,35.0,35.0,0.05,5.0,0.0,0,1
1771.0,35.0,35.0,0.05,5.0,0.0,0,1
1772.0,35.0,35.0,0.05,5.0,0.0,0,1
1773.0,35.0,35.0,0.05,5.0,0.0,0,1
1774.0,35.0,35.0,0.05,5.0,0.0,0,1
1775.0,35.0,35.0,0.05,5.0,0.0,0,1
1776.0,35.0,35.0,0.05,5.0,0.0,0,1
1777.0,35.0,35.0,0.05,5.0,0.0,0,1
1778.0,35.0,35.0,0.05,5.0,0.0,0,1
1779.0,35.0,35.0,0.05,5.0,0.0,0,1
1780.0,35.0,35.0,0.05,5.0,0.0,0,1
1781.0,35.0,35.0,0.05,5.0,0.0,0,1
1782.0,35.0,35.0,0.05,5.0,0.0,0,1
1783.0,35.0,35.0,0.05,5.0,0.0,0,1
1784.0,35.0,35.0,0.05,5.0,0.0,0,1
1785.0,35.0,35.0,0.05,5.0,0.0,0,1
1786.0,35.0,35.0,0.05,5.0,0.0,0,1
1787.0,35.0,35.0,0.05,5.0,0.0,0,1
1788.0,35.0,35.0,0.05,5.0,0.0,0,1
1789.0,35.0,35.0,0.05,5.0,0.0,0,1
1790.0,35.0,35.0,0.05,5.0,0.0,0,1
1791.0,35.0,35.0,0.05,5.0,0.0,0,1
1792.0,35.0,35.0,0.05,5.0,0.0,0,1
1793.0,35.0,35.0,0.05,5.0,0.0,0,1
1794.0,35.0,35.0,0.05,5.0,0.0,0,1
1795.0,35.0,35.0,0.05,5.0,0.0,0,1
1796.0,35.0,35.0,0.05,5.0,0.0,0,1
1797.0,35.0,35.0,0.05,5.0,0.0,0,1
1798.0,35.0,35.0,0.05,5.0,0.0,0,1
1799.0,35.0,35.0,0.05,5.0,0.0,0,1
